dataset,k,temperature,alpha,max_depth,accuracy,f1_score,precision,recall,timestamp
uci,,1,0.0,4,0.8061666666666667,0.7913923128275089,0.7878629656911248,0.8061666666666667,2025-09-29T01:07:59.011481
uci,,1,0.0,5,0.8108333333333333,0.7789395929095392,0.791402932999722,0.8108333333333333,2025-09-29T01:07:59.035974
uci,,1,0.0,6,0.8071666666666667,0.7839334048990594,0.7853035974511213,0.8071666666666667,2025-09-29T01:07:59.062265
uci,,1,0.0,7,0.8058333333333333,0.7766946873744434,0.7828165793052735,0.8058333333333333,2025-09-29T01:07:59.091073
uci,,1,0.0,8,0.7993333333333333,0.7732003845990643,0.7738383307250913,0.7993333333333333,2025-09-29T01:07:59.124516
uci,,1,0.1,4,0.8058333333333333,0.7904275349899524,0.7870533219088969,0.8058333333333333,2025-09-29T01:07:59.147560
uci,,1,0.1,5,0.8115,0.7784549601442508,0.7930547187058052,0.8115,2025-09-29T01:07:59.173719
uci,,1,0.1,6,0.8065,0.7829748211893147,0.7843372841240979,0.8065,2025-09-29T01:07:59.201560
uci,,1,0.1,7,0.8056666666666666,0.7823056485433,0.7832528560856211,0.8056666666666666,2025-09-29T01:07:59.233662
uci,,1,0.1,8,0.8056666666666666,0.7875812289001423,0.7852848256465347,0.8056666666666666,2025-09-29T01:07:59.268938
uci,,1,0.2,4,0.8058333333333333,0.7904275349899524,0.7870533219088969,0.8058333333333333,2025-09-29T01:07:59.292404
uci,,1,0.2,5,0.8115,0.7784549601442508,0.7930547187058052,0.8115,2025-09-29T01:07:59.316130
uci,,1,0.2,6,0.8065,0.7829748211893147,0.7843372841240979,0.8065,2025-09-29T01:07:59.343638
uci,,1,0.2,7,0.8056666666666666,0.7823056485433,0.7832528560856211,0.8056666666666666,2025-09-29T01:07:59.373594
uci,,1,0.2,8,0.8056666666666666,0.7875812289001423,0.7852848256465347,0.8056666666666666,2025-09-29T01:07:59.408819
uci,,1,0.3,4,0.8058333333333333,0.7904275349899524,0.7870533219088969,0.8058333333333333,2025-09-29T01:07:59.430641
uci,,1,0.3,5,0.8115,0.7784549601442508,0.7930547187058052,0.8115,2025-09-29T01:07:59.453992
uci,,1,0.3,6,0.8065,0.7829748211893147,0.7843372841240979,0.8065,2025-09-29T01:07:59.481271
uci,,1,0.3,7,0.8056666666666666,0.7823056485433,0.7832528560856211,0.8056666666666666,2025-09-29T01:07:59.512180
uci,,1,0.3,8,0.8056666666666666,0.7875812289001423,0.7852848256465347,0.8056666666666666,2025-09-29T01:07:59.546197
uci,,1,0.4,4,0.8058333333333333,0.7904275349899524,0.7870533219088969,0.8058333333333333,2025-09-29T01:07:59.567999
uci,,1,0.4,5,0.8115,0.7784549601442508,0.7930547187058052,0.8115,2025-09-29T01:07:59.592678
uci,,1,0.4,6,0.8065,0.7829748211893147,0.7843372841240979,0.8065,2025-09-29T01:07:59.619442
uci,,1,0.4,7,0.8056666666666666,0.7823056485433,0.7832528560856211,0.8056666666666666,2025-09-29T01:07:59.649212
uci,,1,0.4,8,0.8056666666666666,0.7875812289001423,0.7852848256465347,0.8056666666666666,2025-09-29T01:07:59.683956
uci,,1,0.5,4,0.8058333333333333,0.7904275349899524,0.7870533219088969,0.8058333333333333,2025-09-29T01:07:59.705960
uci,,1,0.5,5,0.8115,0.7784549601442508,0.7930547187058052,0.8115,2025-09-29T01:07:59.729665
uci,,1,0.5,6,0.8065,0.7829748211893147,0.7843372841240979,0.8065,2025-09-29T01:07:59.755485
uci,,1,0.5,7,0.8056666666666666,0.7823056485433,0.7832528560856211,0.8056666666666666,2025-09-29T01:07:59.785633
uci,,1,0.5,8,0.8056666666666666,0.7875812289001423,0.7852848256465347,0.8056666666666666,2025-09-29T01:07:59.821143
uci,,1,0.6,4,0.8058333333333333,0.7904275349899524,0.7870533219088969,0.8058333333333333,2025-09-29T01:07:59.842908
uci,,1,0.6,5,0.8115,0.7784549601442508,0.7930547187058052,0.8115,2025-09-29T01:07:59.866498
uci,,1,0.6,6,0.8065,0.7829748211893147,0.7843372841240979,0.8065,2025-09-29T01:07:59.894432
uci,,1,0.6,7,0.8056666666666666,0.7823056485433,0.7832528560856211,0.8056666666666666,2025-09-29T01:07:59.925256
uci,,1,0.6,8,0.8056666666666666,0.7875812289001423,0.7852848256465347,0.8056666666666666,2025-09-29T01:07:59.963634
uci,,1,0.7,4,0.8058333333333333,0.7904275349899524,0.7870533219088969,0.8058333333333333,2025-09-29T01:07:59.986697
uci,,1,0.7,5,0.8115,0.7784549601442508,0.7930547187058052,0.8115,2025-09-29T01:08:00.012986
uci,,1,0.7,6,0.8065,0.7829748211893147,0.7843372841240979,0.8065,2025-09-29T01:08:00.039146
uci,,1,0.7,7,0.8056666666666666,0.7823056485433,0.7832528560856211,0.8056666666666666,2025-09-29T01:08:00.068730
uci,,1,0.7,8,0.8056666666666666,0.7875812289001423,0.7852848256465347,0.8056666666666666,2025-09-29T01:08:00.105114
uci,,1,0.8,4,0.8058333333333333,0.7904275349899524,0.7870533219088969,0.8058333333333333,2025-09-29T01:08:00.129877
uci,,1,0.8,5,0.8115,0.7784549601442508,0.7930547187058052,0.8115,2025-09-29T01:08:00.154960
uci,,1,0.8,6,0.8065,0.7829748211893147,0.7843372841240979,0.8065,2025-09-29T01:08:00.182416
uci,,1,0.8,7,0.8056666666666666,0.7823056485433,0.7832528560856211,0.8056666666666666,2025-09-29T01:08:00.212153
uci,,1,0.8,8,0.8056666666666666,0.7875812289001423,0.7852848256465347,0.8056666666666666,2025-09-29T01:08:00.246423
uci,,1,0.9,4,0.8058333333333333,0.7904275349899524,0.7870533219088969,0.8058333333333333,2025-09-29T01:08:00.268395
uci,,1,0.9,5,0.8115,0.7784549601442508,0.7930547187058052,0.8115,2025-09-29T01:08:00.291749
uci,,1,0.9,6,0.8065,0.7829748211893147,0.7843372841240979,0.8065,2025-09-29T01:08:00.318296
uci,,1,0.9,7,0.8056666666666666,0.7823056485433,0.7832528560856211,0.8056666666666666,2025-09-29T01:08:00.349328
uci,,1,0.9,8,0.8056666666666666,0.7875812289001423,0.7852848256465347,0.8056666666666666,2025-09-29T01:08:00.383853
uci,,1,1.0,4,0.8058333333333333,0.7904275349899524,0.7870533219088969,0.8058333333333333,2025-09-29T01:08:00.407511
uci,,1,1.0,5,0.8115,0.7784549601442508,0.7930547187058052,0.8115,2025-09-29T01:08:00.430911
uci,,1,1.0,6,0.8065,0.7829748211893147,0.7843372841240979,0.8065,2025-09-29T01:08:00.457673
uci,,1,1.0,7,0.8056666666666666,0.7823056485433,0.7832528560856211,0.8056666666666666,2025-09-29T01:08:00.487412
uci,,1,1.0,8,0.8056666666666666,0.7875812289001423,0.7852848256465347,0.8056666666666666,2025-09-29T01:08:00.522303
uci,,2,0.0,4,0.8061666666666667,0.7913923128275089,0.7878629656911248,0.8061666666666667,2025-09-29T01:08:00.542390
uci,,2,0.0,5,0.8108333333333333,0.7789395929095392,0.791402932999722,0.8108333333333333,2025-09-29T01:08:00.566119
uci,,2,0.0,6,0.8071666666666667,0.7839334048990594,0.7853035974511213,0.8071666666666667,2025-09-29T01:08:00.591803
uci,,2,0.0,7,0.8058333333333333,0.7766946873744434,0.7828165793052735,0.8058333333333333,2025-09-29T01:08:00.618012
uci,,2,0.0,8,0.7993333333333333,0.7732003845990643,0.7738383307250913,0.7993333333333333,2025-09-29T01:08:00.650897
uci,,2,0.1,4,0.8058333333333333,0.7904275349899524,0.7870533219088969,0.8058333333333333,2025-09-29T01:08:00.673844
uci,,2,0.1,5,0.8115,0.7784549601442508,0.7930547187058052,0.8115,2025-09-29T01:08:00.698164
uci,,2,0.1,6,0.807,0.7833766649702804,0.7849943869030244,0.807,2025-09-29T01:08:00.724672
uci,,2,0.1,7,0.8073333333333333,0.7827867951813879,0.7852872085384752,0.8073333333333333,2025-09-29T01:08:00.754403
uci,,2,0.1,8,0.8078333333333333,0.7791131676153534,0.7858563677930189,0.8078333333333333,2025-09-29T01:08:00.790533
uci,,2,0.2,4,0.8058333333333333,0.7904275349899524,0.7870533219088969,0.8058333333333333,2025-09-29T01:08:00.812822
uci,,2,0.2,5,0.8115,0.7784549601442508,0.7930547187058052,0.8115,2025-09-29T01:08:00.836372
uci,,2,0.2,6,0.807,0.7833766649702804,0.7849943869030244,0.807,2025-09-29T01:08:00.864296
uci,,2,0.2,7,0.8073333333333333,0.7827867951813879,0.7852872085384752,0.8073333333333333,2025-09-29T01:08:00.893296
uci,,2,0.2,8,0.8078333333333333,0.7791131676153534,0.7858563677930189,0.8078333333333333,2025-09-29T01:08:00.928476
uci,,2,0.3,4,0.8058333333333333,0.7904275349899524,0.7870533219088969,0.8058333333333333,2025-09-29T01:08:00.950790
uci,,2,0.3,5,0.8115,0.7784549601442508,0.7930547187058052,0.8115,2025-09-29T01:08:00.975608
uci,,2,0.3,6,0.807,0.7833766649702804,0.7849943869030244,0.807,2025-09-29T01:08:01.002101
uci,,2,0.3,7,0.8073333333333333,0.7827867951813879,0.7852872085384752,0.8073333333333333,2025-09-29T01:08:01.033826
uci,,2,0.3,8,0.8078333333333333,0.7791131676153534,0.7858563677930189,0.8078333333333333,2025-09-29T01:08:01.068629
uci,,2,0.4,4,0.8058333333333333,0.7904275349899524,0.7870533219088969,0.8058333333333333,2025-09-29T01:08:01.092734
uci,,2,0.4,5,0.8115,0.7784549601442508,0.7930547187058052,0.8115,2025-09-29T01:08:01.116830
uci,,2,0.4,6,0.807,0.7833766649702804,0.7849943869030244,0.807,2025-09-29T01:08:01.143839
uci,,2,0.4,7,0.8073333333333333,0.7827867951813879,0.7852872085384752,0.8073333333333333,2025-09-29T01:08:01.172370
uci,,2,0.4,8,0.8078333333333333,0.7791131676153534,0.7858563677930189,0.8078333333333333,2025-09-29T01:08:01.207319
uci,,2,0.5,4,0.8058333333333333,0.7904275349899524,0.7870533219088969,0.8058333333333333,2025-09-29T01:08:01.229932
uci,,2,0.5,5,0.8115,0.7784549601442508,0.7930547187058052,0.8115,2025-09-29T01:08:01.253334
uci,,2,0.5,6,0.807,0.7833766649702804,0.7849943869030244,0.807,2025-09-29T01:08:01.280785
uci,,2,0.5,7,0.8073333333333333,0.7827867951813879,0.7852872085384752,0.8073333333333333,2025-09-29T01:08:01.311304
uci,,2,0.5,8,0.8078333333333333,0.7791131676153534,0.7858563677930189,0.8078333333333333,2025-09-29T01:08:01.346828
uci,,2,0.6,4,0.8058333333333333,0.7904275349899524,0.7870533219088969,0.8058333333333333,2025-09-29T01:08:01.370250
uci,,2,0.6,5,0.8115,0.7784549601442508,0.7930547187058052,0.8115,2025-09-29T01:08:01.393020
uci,,2,0.6,6,0.807,0.7833766649702804,0.7849943869030244,0.807,2025-09-29T01:08:01.418341
uci,,2,0.6,7,0.8073333333333333,0.7827867951813879,0.7852872085384752,0.8073333333333333,2025-09-29T01:08:01.447167
uci,,2,0.6,8,0.8078333333333333,0.7791131676153534,0.7858563677930189,0.8078333333333333,2025-09-29T01:08:01.482749
uci,,2,0.7,4,0.8058333333333333,0.7904275349899524,0.7870533219088969,0.8058333333333333,2025-09-29T01:08:01.504913
uci,,2,0.7,5,0.8115,0.7784549601442508,0.7930547187058052,0.8115,2025-09-29T01:08:01.528240
uci,,2,0.7,6,0.807,0.7833766649702804,0.7849943869030244,0.807,2025-09-29T01:08:01.555120
uci,,2,0.7,7,0.8073333333333333,0.7827867951813879,0.7852872085384752,0.8073333333333333,2025-09-29T01:08:01.583586
uci,,2,0.7,8,0.8078333333333333,0.7791131676153534,0.7858563677930189,0.8078333333333333,2025-09-29T01:08:01.619385
uci,,2,0.8,4,0.8058333333333333,0.7904275349899524,0.7870533219088969,0.8058333333333333,2025-09-29T01:08:01.640986
uci,,2,0.8,5,0.8115,0.7784549601442508,0.7930547187058052,0.8115,2025-09-29T01:08:01.665529
uci,,2,0.8,6,0.807,0.7833766649702804,0.7849943869030244,0.807,2025-09-29T01:08:01.692393
uci,,2,0.8,7,0.8073333333333333,0.7827867951813879,0.7852872085384752,0.8073333333333333,2025-09-29T01:08:01.719800
uci,,2,0.8,8,0.8078333333333333,0.7791131676153534,0.7858563677930189,0.8078333333333333,2025-09-29T01:08:01.755871
uci,,2,0.9,4,0.8058333333333333,0.7904275349899524,0.7870533219088969,0.8058333333333333,2025-09-29T01:08:01.778337
uci,,2,0.9,5,0.8115,0.7784549601442508,0.7930547187058052,0.8115,2025-09-29T01:08:01.802127
uci,,2,0.9,6,0.807,0.7833766649702804,0.7849943869030244,0.807,2025-09-29T01:08:01.829236
uci,,2,0.9,7,0.8073333333333333,0.7827867951813879,0.7852872085384752,0.8073333333333333,2025-09-29T01:08:01.858866
uci,,2,0.9,8,0.8078333333333333,0.7791131676153534,0.7858563677930189,0.8078333333333333,2025-09-29T01:08:01.895494
uci,,2,1.0,4,0.8058333333333333,0.7904275349899524,0.7870533219088969,0.8058333333333333,2025-09-29T01:08:01.917182
uci,,2,1.0,5,0.8115,0.7784549601442508,0.7930547187058052,0.8115,2025-09-29T01:08:01.941011
uci,,2,1.0,6,0.807,0.7833766649702804,0.7849943869030244,0.807,2025-09-29T01:08:01.966072
uci,,2,1.0,7,0.8073333333333333,0.7827867951813879,0.7852872085384752,0.8073333333333333,2025-09-29T01:08:01.994737
uci,,2,1.0,8,0.8078333333333333,0.7791131676153534,0.7858563677930189,0.8078333333333333,2025-09-29T01:08:02.030261
uci,,3,0.0,4,0.8061666666666667,0.7913923128275089,0.7878629656911248,0.8061666666666667,2025-09-29T01:08:02.050592
uci,,3,0.0,5,0.8108333333333333,0.7789395929095392,0.791402932999722,0.8108333333333333,2025-09-29T01:08:02.072921
uci,,3,0.0,6,0.8071666666666667,0.7839334048990594,0.7853035974511213,0.8071666666666667,2025-09-29T01:08:02.098124
uci,,3,0.0,7,0.8058333333333333,0.7766946873744434,0.7828165793052735,0.8058333333333333,2025-09-29T01:08:02.126519
uci,,3,0.0,8,0.7993333333333333,0.7732003845990643,0.7738383307250913,0.7993333333333333,2025-09-29T01:08:02.159350
uci,,3,0.1,4,0.8061666666666667,0.7913923128275089,0.7878629656911248,0.8061666666666667,2025-09-29T01:08:02.181445
uci,,3,0.1,5,0.8108333333333333,0.7789395929095392,0.791402932999722,0.8108333333333333,2025-09-29T01:08:02.205164
uci,,3,0.1,6,0.807,0.7833766649702804,0.7849943869030244,0.807,2025-09-29T01:08:02.231880
uci,,3,0.1,7,0.807,0.7786865628586108,0.7845680049380952,0.807,2025-09-29T01:08:02.260669
uci,,3,0.1,8,0.805,0.7772165826489958,0.7815967525492956,0.805,2025-09-29T01:08:02.295665
uci,,3,0.2,4,0.8061666666666667,0.7913923128275089,0.7878629656911248,0.8061666666666667,2025-09-29T01:08:02.320684
uci,,3,0.2,5,0.8108333333333333,0.7789395929095392,0.791402932999722,0.8108333333333333,2025-09-29T01:08:02.344767
uci,,3,0.2,6,0.807,0.7833766649702804,0.7849943869030244,0.807,2025-09-29T01:08:02.373744
uci,,3,0.2,7,0.807,0.7786865628586108,0.7845680049380952,0.807,2025-09-29T01:08:02.403522
uci,,3,0.2,8,0.805,0.7772165826489958,0.7815967525492956,0.805,2025-09-29T01:08:02.438241
uci,,3,0.3,4,0.8061666666666667,0.7913923128275089,0.7878629656911248,0.8061666666666667,2025-09-29T01:08:02.461164
uci,,3,0.3,5,0.8108333333333333,0.7789395929095392,0.791402932999722,0.8108333333333333,2025-09-29T01:08:02.485615
uci,,3,0.3,6,0.807,0.7833766649702804,0.7849943869030244,0.807,2025-09-29T01:08:02.513121
uci,,3,0.3,7,0.807,0.7786865628586108,0.7845680049380952,0.807,2025-09-29T01:08:02.542036
uci,,3,0.3,8,0.805,0.7772165826489958,0.7815967525492956,0.805,2025-09-29T01:08:02.578061
uci,,3,0.4,4,0.8061666666666667,0.7913923128275089,0.7878629656911248,0.8061666666666667,2025-09-29T01:08:02.599850
uci,,3,0.4,5,0.8108333333333333,0.7789395929095392,0.791402932999722,0.8108333333333333,2025-09-29T01:08:02.625049
uci,,3,0.4,6,0.807,0.7833766649702804,0.7849943869030244,0.807,2025-09-29T01:08:02.651689
uci,,3,0.4,7,0.807,0.7786865628586108,0.7845680049380952,0.807,2025-09-29T01:08:02.682234
uci,,3,0.4,8,0.805,0.7772165826489958,0.7815967525492956,0.805,2025-09-29T01:08:02.718144
uci,,3,0.5,4,0.8061666666666667,0.7913923128275089,0.7878629656911248,0.8061666666666667,2025-09-29T01:08:02.741362
uci,,3,0.5,5,0.8108333333333333,0.7789395929095392,0.791402932999722,0.8108333333333333,2025-09-29T01:08:02.765140
uci,,3,0.5,6,0.807,0.7833766649702804,0.7849943869030244,0.807,2025-09-29T01:08:02.792610
uci,,3,0.5,7,0.807,0.7786865628586108,0.7845680049380952,0.807,2025-09-29T01:08:02.822154
uci,,3,0.5,8,0.805,0.7772165826489958,0.7815967525492956,0.805,2025-09-29T01:08:02.857390
uci,,3,0.6,4,0.8061666666666667,0.7913923128275089,0.7878629656911248,0.8061666666666667,2025-09-29T01:08:02.879456
uci,,3,0.6,5,0.8108333333333333,0.7789395929095392,0.791402932999722,0.8108333333333333,2025-09-29T01:08:02.904502
uci,,3,0.6,6,0.807,0.7833766649702804,0.7849943869030244,0.807,2025-09-29T01:08:02.933036
uci,,3,0.6,7,0.807,0.7786865628586108,0.7845680049380952,0.807,2025-09-29T01:08:02.962779
uci,,3,0.6,8,0.805,0.7772165826489958,0.7815967525492956,0.805,2025-09-29T01:08:02.998401
uci,,3,0.7,4,0.8061666666666667,0.7913923128275089,0.7878629656911248,0.8061666666666667,2025-09-29T01:08:03.021358
uci,,3,0.7,5,0.8108333333333333,0.7789395929095392,0.791402932999722,0.8108333333333333,2025-09-29T01:08:03.044916
uci,,3,0.7,6,0.807,0.7833766649702804,0.7849943869030244,0.807,2025-09-29T01:08:03.071252
uci,,3,0.7,7,0.807,0.7786865628586108,0.7845680049380952,0.807,2025-09-29T01:08:03.099842
uci,,3,0.7,8,0.805,0.7772165826489958,0.7815967525492956,0.805,2025-09-29T01:08:03.135454
uci,,3,0.8,4,0.8061666666666667,0.7913923128275089,0.7878629656911248,0.8061666666666667,2025-09-29T01:08:03.157892
uci,,3,0.8,5,0.8108333333333333,0.7789395929095392,0.791402932999722,0.8108333333333333,2025-09-29T01:08:03.181802
uci,,3,0.8,6,0.807,0.7833766649702804,0.7849943869030244,0.807,2025-09-29T01:08:03.209860
uci,,3,0.8,7,0.807,0.7786865628586108,0.7845680049380952,0.807,2025-09-29T01:08:03.239594
uci,,3,0.8,8,0.805,0.7772165826489958,0.7815967525492956,0.805,2025-09-29T01:08:03.275176
uci,,3,0.9,4,0.8061666666666667,0.7913923128275089,0.7878629656911248,0.8061666666666667,2025-09-29T01:08:03.296906
uci,,3,0.9,5,0.8108333333333333,0.7789395929095392,0.791402932999722,0.8108333333333333,2025-09-29T01:08:03.321153
uci,,3,0.9,6,0.807,0.7833766649702804,0.7849943869030244,0.807,2025-09-29T01:08:03.347159
uci,,3,0.9,7,0.807,0.7786865628586108,0.7845680049380952,0.807,2025-09-29T01:08:03.376793
uci,,3,0.9,8,0.805,0.7772165826489958,0.7815967525492956,0.805,2025-09-29T01:08:03.411041
uci,,3,1.0,4,0.8061666666666667,0.7913923128275089,0.7878629656911248,0.8061666666666667,2025-09-29T01:08:03.432541
uci,,3,1.0,5,0.8108333333333333,0.7789395929095392,0.791402932999722,0.8108333333333333,2025-09-29T01:08:03.456464
uci,,3,1.0,6,0.807,0.7833766649702804,0.7849943869030244,0.807,2025-09-29T01:08:03.483882
uci,,3,1.0,7,0.807,0.7786865628586108,0.7845680049380952,0.807,2025-09-29T01:08:03.512915
uci,,3,1.0,8,0.805,0.7772165826489958,0.7815967525492956,0.805,2025-09-29T01:08:03.547272
uci,,4,0.0,4,0.8061666666666667,0.7913923128275089,0.7878629656911248,0.8061666666666667,2025-09-29T01:08:03.568407
uci,,4,0.0,5,0.8108333333333333,0.7789395929095392,0.791402932999722,0.8108333333333333,2025-09-29T01:08:03.591908
uci,,4,0.0,6,0.8071666666666667,0.7839334048990594,0.7853035974511213,0.8071666666666667,2025-09-29T01:08:03.616870
uci,,4,0.0,7,0.8058333333333333,0.7766946873744434,0.7828165793052735,0.8058333333333333,2025-09-29T01:08:03.644730
uci,,4,0.0,8,0.7993333333333333,0.7732003845990643,0.7738383307250913,0.7993333333333333,2025-09-29T01:08:03.676438
uci,,4,0.1,4,0.8061666666666667,0.7913923128275089,0.7878629656911248,0.8061666666666667,2025-09-29T01:08:03.699655
uci,,4,0.1,5,0.8108333333333333,0.7789395929095392,0.791402932999722,0.8108333333333333,2025-09-29T01:08:03.723272
uci,,4,0.1,6,0.807,0.7833766649702804,0.7849943869030244,0.807,2025-09-29T01:08:03.750231
uci,,4,0.1,7,0.8066666666666666,0.7784218055161755,0.7840644134358015,0.8066666666666666,2025-09-29T01:08:03.779595
uci,,4,0.1,8,0.7985,0.7732227060538351,0.7729899535437837,0.7985,2025-09-29T01:08:03.813197
uci,,4,0.2,4,0.8061666666666667,0.7913923128275089,0.7878629656911248,0.8061666666666667,2025-09-29T01:08:03.834678
uci,,4,0.2,5,0.8108333333333333,0.7789395929095392,0.791402932999722,0.8108333333333333,2025-09-29T01:08:03.859094
uci,,4,0.2,6,0.807,0.7833766649702804,0.7849943869030244,0.807,2025-09-29T01:08:03.885994
uci,,4,0.2,7,0.8066666666666666,0.7784218055161755,0.7840644134358015,0.8066666666666666,2025-09-29T01:08:03.915508
uci,,4,0.2,8,0.7985,0.7732227060538351,0.7729899535437837,0.7985,2025-09-29T01:08:03.950131
uci,,4,0.3,4,0.8061666666666667,0.7913923128275089,0.7878629656911248,0.8061666666666667,2025-09-29T01:08:03.972367
uci,,4,0.3,5,0.8108333333333333,0.7789395929095392,0.791402932999722,0.8108333333333333,2025-09-29T01:08:03.996405
uci,,4,0.3,6,0.807,0.7833766649702804,0.7849943869030244,0.807,2025-09-29T01:08:04.023790
uci,,4,0.3,7,0.8066666666666666,0.7784218055161755,0.7840644134358015,0.8066666666666666,2025-09-29T01:08:04.052683
uci,,4,0.3,8,0.7985,0.7732227060538351,0.7729899535437837,0.7985,2025-09-29T01:08:04.089148
uci,,4,0.4,4,0.8061666666666667,0.7913923128275089,0.7878629656911248,0.8061666666666667,2025-09-29T01:08:04.111168
uci,,4,0.4,5,0.8108333333333333,0.7789395929095392,0.791402932999722,0.8108333333333333,2025-09-29T01:08:04.136695
uci,,4,0.4,6,0.807,0.7833766649702804,0.7849943869030244,0.807,2025-09-29T01:08:04.162352
uci,,4,0.4,7,0.8066666666666666,0.7784218055161755,0.7840644134358015,0.8066666666666666,2025-09-29T01:08:04.191488
uci,,4,0.4,8,0.7985,0.7732227060538351,0.7729899535437837,0.7985,2025-09-29T01:08:04.232843
uci,,4,0.5,4,0.8061666666666667,0.7913923128275089,0.7878629656911248,0.8061666666666667,2025-09-29T01:08:04.258428
uci,,4,0.5,5,0.8108333333333333,0.7789395929095392,0.791402932999722,0.8108333333333333,2025-09-29T01:08:04.282745
uci,,4,0.5,6,0.807,0.7833766649702804,0.7849943869030244,0.807,2025-09-29T01:08:04.309609
uci,,4,0.5,7,0.8066666666666666,0.7784218055161755,0.7840644134358015,0.8066666666666666,2025-09-29T01:08:04.340847
uci,,4,0.5,8,0.7985,0.7732227060538351,0.7729899535437837,0.7985,2025-09-29T01:08:04.374195
uci,,4,0.6,4,0.8061666666666667,0.7913923128275089,0.7878629656911248,0.8061666666666667,2025-09-29T01:08:04.398107
uci,,4,0.6,5,0.8108333333333333,0.7789395929095392,0.791402932999722,0.8108333333333333,2025-09-29T01:08:04.421760
uci,,4,0.6,6,0.807,0.7833766649702804,0.7849943869030244,0.807,2025-09-29T01:08:04.447793
uci,,4,0.6,7,0.8066666666666666,0.7784218055161755,0.7840644134358015,0.8066666666666666,2025-09-29T01:08:04.477392
uci,,4,0.6,8,0.7985,0.7732227060538351,0.7729899535437837,0.7985,2025-09-29T01:08:04.512429
uci,,4,0.7,4,0.8061666666666667,0.7913923128275089,0.7878629656911248,0.8061666666666667,2025-09-29T01:08:04.535921
uci,,4,0.7,5,0.8108333333333333,0.7789395929095392,0.791402932999722,0.8108333333333333,2025-09-29T01:08:04.560515
uci,,4,0.7,6,0.807,0.7833766649702804,0.7849943869030244,0.807,2025-09-29T01:08:04.585814
uci,,4,0.7,7,0.8066666666666666,0.7784218055161755,0.7840644134358015,0.8066666666666666,2025-09-29T01:08:04.614993
uci,,4,0.7,8,0.7985,0.7732227060538351,0.7729899535437837,0.7985,2025-09-29T01:08:04.650059
uci,,4,0.8,4,0.8061666666666667,0.7913923128275089,0.7878629656911248,0.8061666666666667,2025-09-29T01:08:04.671744
uci,,4,0.8,5,0.8108333333333333,0.7789395929095392,0.791402932999722,0.8108333333333333,2025-09-29T01:08:04.695163
uci,,4,0.8,6,0.807,0.7833766649702804,0.7849943869030244,0.807,2025-09-29T01:08:04.721034
uci,,4,0.8,7,0.8066666666666666,0.7784218055161755,0.7840644134358015,0.8066666666666666,2025-09-29T01:08:04.750570
uci,,4,0.8,8,0.7985,0.7732227060538351,0.7729899535437837,0.7985,2025-09-29T01:08:04.785554
uci,,4,0.9,4,0.8061666666666667,0.7913923128275089,0.7878629656911248,0.8061666666666667,2025-09-29T01:08:04.808309
uci,,4,0.9,5,0.8108333333333333,0.7789395929095392,0.791402932999722,0.8108333333333333,2025-09-29T01:08:04.831941
uci,,4,0.9,6,0.807,0.7833766649702804,0.7849943869030244,0.807,2025-09-29T01:08:04.857937
uci,,4,0.9,7,0.8066666666666666,0.7784218055161755,0.7840644134358015,0.8066666666666666,2025-09-29T01:08:04.887537
uci,,4,0.9,8,0.7985,0.7732227060538351,0.7729899535437837,0.7985,2025-09-29T01:08:04.923489
uci,,4,1.0,4,0.8061666666666667,0.7913923128275089,0.7878629656911248,0.8061666666666667,2025-09-29T01:08:04.945238
uci,,4,1.0,5,0.8108333333333333,0.7789395929095392,0.791402932999722,0.8108333333333333,2025-09-29T01:08:04.968592
uci,,4,1.0,6,0.807,0.7833766649702804,0.7849943869030244,0.807,2025-09-29T01:08:04.995302
uci,,4,1.0,7,0.8066666666666666,0.7784218055161755,0.7840644134358015,0.8066666666666666,2025-09-29T01:08:05.023516
uci,,4,1.0,8,0.7985,0.7732227060538351,0.7729899535437837,0.7985,2025-09-29T01:08:05.058209
uci,,5,0.0,4,0.8061666666666667,0.7913923128275089,0.7878629656911248,0.8061666666666667,2025-09-29T01:08:05.079556
uci,,5,0.0,5,0.8108333333333333,0.7789395929095392,0.791402932999722,0.8108333333333333,2025-09-29T01:08:05.101840
uci,,5,0.0,6,0.8071666666666667,0.7839334048990594,0.7853035974511213,0.8071666666666667,2025-09-29T01:08:05.126900
uci,,5,0.0,7,0.8058333333333333,0.7766946873744434,0.7828165793052735,0.8058333333333333,2025-09-29T01:08:05.155231
uci,,5,0.0,8,0.7993333333333333,0.7732003845990643,0.7738383307250913,0.7993333333333333,2025-09-29T01:08:05.188339
uci,,5,0.1,4,0.8061666666666667,0.7913923128275089,0.7878629656911248,0.8061666666666667,2025-09-29T01:08:05.211188
uci,,5,0.1,5,0.8108333333333333,0.7789395929095392,0.791402932999722,0.8108333333333333,2025-09-29T01:08:05.234760
uci,,5,0.1,6,0.807,0.7833766649702804,0.7849943869030244,0.807,2025-09-29T01:08:05.260429
uci,,5,0.1,7,0.8066666666666666,0.7784218055161755,0.7840644134358015,0.8066666666666666,2025-09-29T01:08:05.288104
uci,,5,0.1,8,0.7985,0.7732227060538351,0.7729899535437837,0.7985,2025-09-29T01:08:05.324143
uci,,5,0.2,4,0.8061666666666667,0.7913923128275089,0.7878629656911248,0.8061666666666667,2025-09-29T01:08:05.346040
uci,,5,0.2,5,0.8108333333333333,0.7789395929095392,0.791402932999722,0.8108333333333333,2025-09-29T01:08:05.370261
uci,,5,0.2,6,0.807,0.7833766649702804,0.7849943869030244,0.807,2025-09-29T01:08:05.396145
uci,,5,0.2,7,0.8066666666666666,0.7784218055161755,0.7840644134358015,0.8066666666666666,2025-09-29T01:08:05.425007
uci,,5,0.2,8,0.7985,0.7732227060538351,0.7729899535437837,0.7985,2025-09-29T01:08:05.458692
uci,,5,0.3,4,0.8061666666666667,0.7913923128275089,0.7878629656911248,0.8061666666666667,2025-09-29T01:08:05.480112
uci,,5,0.3,5,0.8108333333333333,0.7789395929095392,0.791402932999722,0.8108333333333333,2025-09-29T01:08:05.503653
uci,,5,0.3,6,0.807,0.7833766649702804,0.7849943869030244,0.807,2025-09-29T01:08:05.530774
uci,,5,0.3,7,0.8066666666666666,0.7784218055161755,0.7840644134358015,0.8066666666666666,2025-09-29T01:08:05.559469
uci,,5,0.3,8,0.7985,0.7732227060538351,0.7729899535437837,0.7985,2025-09-29T01:08:05.594168
uci,,5,0.4,4,0.8061666666666667,0.7913923128275089,0.7878629656911248,0.8061666666666667,2025-09-29T01:08:05.615593
uci,,5,0.4,5,0.8108333333333333,0.7789395929095392,0.791402932999722,0.8108333333333333,2025-09-29T01:08:05.639752
uci,,5,0.4,6,0.807,0.7833766649702804,0.7849943869030244,0.807,2025-09-29T01:08:05.667068
uci,,5,0.4,7,0.8066666666666666,0.7784218055161755,0.7840644134358015,0.8066666666666666,2025-09-29T01:08:05.696029
uci,,5,0.4,8,0.7985,0.7732227060538351,0.7729899535437837,0.7985,2025-09-29T01:08:05.730659
uci,,5,0.5,4,0.8061666666666667,0.7913923128275089,0.7878629656911248,0.8061666666666667,2025-09-29T01:08:05.751893
uci,,5,0.5,5,0.8108333333333333,0.7789395929095392,0.791402932999722,0.8108333333333333,2025-09-29T01:08:05.776230
uci,,5,0.5,6,0.807,0.7833766649702804,0.7849943869030244,0.807,2025-09-29T01:08:05.802199
uci,,5,0.5,7,0.8066666666666666,0.7784218055161755,0.7840644134358015,0.8066666666666666,2025-09-29T01:08:05.832107
uci,,5,0.5,8,0.7985,0.7732227060538351,0.7729899535437837,0.7985,2025-09-29T01:08:05.867536
uci,,5,0.6,4,0.8061666666666667,0.7913923128275089,0.7878629656911248,0.8061666666666667,2025-09-29T01:08:05.891772
uci,,5,0.6,5,0.8108333333333333,0.7789395929095392,0.791402932999722,0.8108333333333333,2025-09-29T01:08:05.916143
uci,,5,0.6,6,0.807,0.7833766649702804,0.7849943869030244,0.807,2025-09-29T01:08:05.942827
uci,,5,0.6,7,0.8066666666666666,0.7784218055161755,0.7840644134358015,0.8066666666666666,2025-09-29T01:08:05.970976
uci,,5,0.6,8,0.7985,0.7732227060538351,0.7729899535437837,0.7985,2025-09-29T01:08:06.005431
uci,,5,0.7,4,0.8061666666666667,0.7913923128275089,0.7878629656911248,0.8061666666666667,2025-09-29T01:08:06.027643
uci,,5,0.7,5,0.8108333333333333,0.7789395929095392,0.791402932999722,0.8108333333333333,2025-09-29T01:08:06.051608
uci,,5,0.7,6,0.807,0.7833766649702804,0.7849943869030244,0.807,2025-09-29T01:08:06.078951
uci,,5,0.7,7,0.8066666666666666,0.7784218055161755,0.7840644134358015,0.8066666666666666,2025-09-29T01:08:06.107246
uci,,5,0.7,8,0.7985,0.7732227060538351,0.7729899535437837,0.7985,2025-09-29T01:08:06.142344
uci,,5,0.8,4,0.8061666666666667,0.7913923128275089,0.7878629656911248,0.8061666666666667,2025-09-29T01:08:06.163829
uci,,5,0.8,5,0.8108333333333333,0.7789395929095392,0.791402932999722,0.8108333333333333,2025-09-29T01:08:06.187282
uci,,5,0.8,6,0.807,0.7833766649702804,0.7849943869030244,0.807,2025-09-29T01:08:06.214393
uci,,5,0.8,7,0.8066666666666666,0.7784218055161755,0.7840644134358015,0.8066666666666666,2025-09-29T01:08:06.243527
uci,,5,0.8,8,0.7985,0.7732227060538351,0.7729899535437837,0.7985,2025-09-29T01:08:06.278394
uci,,5,0.9,4,0.8061666666666667,0.7913923128275089,0.7878629656911248,0.8061666666666667,2025-09-29T01:08:06.301425
uci,,5,0.9,5,0.8108333333333333,0.7789395929095392,0.791402932999722,0.8108333333333333,2025-09-29T01:08:06.326007
uci,,5,0.9,6,0.807,0.7833766649702804,0.7849943869030244,0.807,2025-09-29T01:08:06.352278
uci,,5,0.9,7,0.8066666666666666,0.7784218055161755,0.7840644134358015,0.8066666666666666,2025-09-29T01:08:06.381468
uci,,5,0.9,8,0.7985,0.7732227060538351,0.7729899535437837,0.7985,2025-09-29T01:08:06.415770
uci,,5,1.0,4,0.8061666666666667,0.7913923128275089,0.7878629656911248,0.8061666666666667,2025-09-29T01:08:06.437229
uci,,5,1.0,5,0.8108333333333333,0.7789395929095392,0.791402932999722,0.8108333333333333,2025-09-29T01:08:06.460485
uci,,5,1.0,6,0.807,0.7833766649702804,0.7849943869030244,0.807,2025-09-29T01:08:06.485882
uci,,5,1.0,7,0.8066666666666666,0.7784218055161755,0.7840644134358015,0.8066666666666666,2025-09-29T01:08:06.515332
uci,,5,1.0,8,0.7985,0.7732227060538351,0.7729899535437837,0.7985,2025-09-29T01:08:06.550492
german,,1,0.0,4,0.72,0.6798103984594874,0.6920424403183024,0.72,2025-09-29T01:08:06.557288
german,,1,0.0,5,0.68,0.664033264033264,0.6568764568764568,0.68,2025-09-29T01:08:06.562513
german,,1,0.0,6,0.66,0.6525793650793651,0.6471933471933471,0.66,2025-09-29T01:08:06.567992
german,,1,0.0,7,0.63,0.6262263234579893,0.6229166666666667,0.63,2025-09-29T01:08:06.573849
german,,1,0.0,8,0.67,0.6627976190476191,0.6576923076923077,0.67,2025-09-29T01:08:06.580842
german,,1,0.1,4,0.72,0.6798103984594874,0.6920424403183024,0.72,2025-09-29T01:08:06.586022
german,,1,0.1,5,0.68,0.664033264033264,0.6568764568764568,0.68,2025-09-29T01:08:06.592221
german,,1,0.1,6,0.67,0.6584474885844749,0.6516447368421052,0.67,2025-09-29T01:08:06.598651
german,,1,0.1,7,0.65,0.6296881168574813,0.6193490054249547,0.65,2025-09-29T01:08:06.605727
german,,1,0.1,8,0.68,0.6749355907250645,0.6710806697108067,0.68,2025-09-29T01:08:06.611710
german,,1,0.2,4,0.72,0.6798103984594874,0.6920424403183024,0.72,2025-09-29T01:08:06.618018
german,,1,0.2,5,0.68,0.664033264033264,0.6568764568764568,0.68,2025-09-29T01:08:06.624131
german,,1,0.2,6,0.67,0.6584474885844749,0.6516447368421052,0.67,2025-09-29T01:08:06.630968
german,,1,0.2,7,0.65,0.6296881168574813,0.6193490054249547,0.65,2025-09-29T01:08:06.636803
german,,1,0.2,8,0.68,0.6749355907250645,0.6710806697108067,0.68,2025-09-29T01:08:06.642928
german,,1,0.3,4,0.72,0.6798103984594874,0.6920424403183024,0.72,2025-09-29T01:08:06.648197
german,,1,0.3,5,0.68,0.664033264033264,0.6568764568764568,0.68,2025-09-29T01:08:06.654145
german,,1,0.3,6,0.67,0.6584474885844749,0.6516447368421052,0.67,2025-09-29T01:08:06.661139
german,,1,0.3,7,0.65,0.6296881168574813,0.6193490054249547,0.65,2025-09-29T01:08:06.667382
german,,1,0.3,8,0.68,0.6749355907250645,0.6710806697108067,0.68,2025-09-29T01:08:06.674412
german,,1,0.4,4,0.72,0.6798103984594874,0.6920424403183024,0.72,2025-09-29T01:08:06.679630
german,,1,0.4,5,0.68,0.664033264033264,0.6568764568764568,0.68,2025-09-29T01:08:06.684650
german,,1,0.4,6,0.67,0.6584474885844749,0.6516447368421052,0.67,2025-09-29T01:08:06.691166
german,,1,0.4,7,0.65,0.6296881168574813,0.6193490054249547,0.65,2025-09-29T01:08:06.696776
german,,1,0.4,8,0.68,0.6749355907250645,0.6710806697108067,0.68,2025-09-29T01:08:06.702758
german,,1,0.5,4,0.72,0.6798103984594874,0.6920424403183024,0.72,2025-09-29T01:08:06.708302
german,,1,0.5,5,0.68,0.664033264033264,0.6568764568764568,0.68,2025-09-29T01:08:06.713932
german,,1,0.5,6,0.67,0.6584474885844749,0.6516447368421052,0.67,2025-09-29T01:08:06.720683
german,,1,0.5,7,0.65,0.6296881168574813,0.6193490054249547,0.65,2025-09-29T01:08:06.726919
german,,1,0.5,8,0.68,0.6749355907250645,0.6710806697108067,0.68,2025-09-29T01:08:06.733389
german,,1,0.6,4,0.72,0.6798103984594874,0.6920424403183024,0.72,2025-09-29T01:08:06.739581
german,,1,0.6,5,0.68,0.664033264033264,0.6568764568764568,0.68,2025-09-29T01:08:06.745479
german,,1,0.6,6,0.67,0.6584474885844749,0.6516447368421052,0.67,2025-09-29T01:08:06.751259
german,,1,0.6,7,0.65,0.6296881168574813,0.6193490054249547,0.65,2025-09-29T01:08:06.757875
german,,1,0.6,8,0.68,0.6749355907250645,0.6710806697108067,0.68,2025-09-29T01:08:06.764091
german,,1,0.7,4,0.72,0.6798103984594874,0.6920424403183024,0.72,2025-09-29T01:08:06.770017
german,,1,0.7,5,0.68,0.664033264033264,0.6568764568764568,0.68,2025-09-29T01:08:06.775368
german,,1,0.7,6,0.67,0.6584474885844749,0.6516447368421052,0.67,2025-09-29T01:08:06.781101
german,,1,0.7,7,0.65,0.6296881168574813,0.6193490054249547,0.65,2025-09-29T01:08:06.788243
german,,1,0.7,8,0.68,0.6749355907250645,0.6710806697108067,0.68,2025-09-29T01:08:06.794824
german,,1,0.8,4,0.72,0.6798103984594874,0.6920424403183024,0.72,2025-09-29T01:08:06.800040
german,,1,0.8,5,0.68,0.664033264033264,0.6568764568764568,0.68,2025-09-29T01:08:06.806092
german,,1,0.8,6,0.67,0.6584474885844749,0.6516447368421052,0.67,2025-09-29T01:08:06.812746
german,,1,0.8,7,0.65,0.6296881168574813,0.6193490054249547,0.65,2025-09-29T01:08:06.818921
german,,1,0.8,8,0.68,0.6749355907250645,0.6710806697108067,0.68,2025-09-29T01:08:06.825471
german,,1,0.9,4,0.72,0.6798103984594874,0.6920424403183024,0.72,2025-09-29T01:08:06.830773
german,,1,0.9,5,0.68,0.664033264033264,0.6568764568764568,0.68,2025-09-29T01:08:06.837411
german,,1,0.9,6,0.67,0.6584474885844749,0.6516447368421052,0.67,2025-09-29T01:08:06.843574
german,,1,0.9,7,0.65,0.6296881168574813,0.6193490054249547,0.65,2025-09-29T01:08:06.850241
german,,1,0.9,8,0.68,0.6749355907250645,0.6710806697108067,0.68,2025-09-29T01:08:06.856388
german,,1,1.0,4,0.72,0.6798103984594874,0.6920424403183024,0.72,2025-09-29T01:08:06.861430
german,,1,1.0,5,0.68,0.664033264033264,0.6568764568764568,0.68,2025-09-29T01:08:06.867870
german,,1,1.0,6,0.67,0.6584474885844749,0.6516447368421052,0.67,2025-09-29T01:08:06.873810
german,,1,1.0,7,0.65,0.6296881168574813,0.6193490054249547,0.65,2025-09-29T01:08:06.879553
german,,1,1.0,8,0.68,0.6749355907250645,0.6710806697108067,0.68,2025-09-29T01:08:06.885754
german,,2,0.0,4,0.72,0.6798103984594874,0.6920424403183024,0.72,2025-09-29T01:08:06.891383
german,,2,0.0,5,0.68,0.664033264033264,0.6568764568764568,0.68,2025-09-29T01:08:06.897810
german,,2,0.0,6,0.66,0.6525793650793651,0.6471933471933471,0.66,2025-09-29T01:08:06.904138
german,,2,0.0,7,0.63,0.6262263234579893,0.6229166666666667,0.63,2025-09-29T01:08:06.910637
german,,2,0.0,8,0.67,0.6627976190476191,0.6576923076923077,0.67,2025-09-29T01:08:06.916338
german,,2,0.1,4,0.72,0.6798103984594874,0.6920424403183024,0.72,2025-09-29T01:08:06.922585
german,,2,0.1,5,0.68,0.664033264033264,0.6568764568764568,0.68,2025-09-29T01:08:06.928557
german,,2,0.1,6,0.67,0.6584474885844749,0.6516447368421052,0.67,2025-09-29T01:08:06.934381
german,,2,0.1,7,0.655,0.6335110434120336,0.6233624789078079,0.655,2025-09-29T01:08:06.941308
german,,2,0.1,8,0.675,0.6668848779575423,0.6614686142913542,0.675,2025-09-29T01:08:06.947260
german,,2,0.2,4,0.72,0.6798103984594874,0.6920424403183024,0.72,2025-09-29T01:08:06.953174
german,,2,0.2,5,0.68,0.664033264033264,0.6568764568764568,0.68,2025-09-29T01:08:06.958441
german,,2,0.2,6,0.67,0.6584474885844749,0.6516447368421052,0.67,2025-09-29T01:08:06.963759
german,,2,0.2,7,0.655,0.6335110434120336,0.6233624789078079,0.655,2025-09-29T01:08:06.971190
german,,2,0.2,8,0.675,0.6668848779575423,0.6614686142913542,0.675,2025-09-29T01:08:06.977180
german,,2,0.3,4,0.72,0.6798103984594874,0.6920424403183024,0.72,2025-09-29T01:08:06.982560
german,,2,0.3,5,0.68,0.664033264033264,0.6568764568764568,0.68,2025-09-29T01:08:06.988495
german,,2,0.3,6,0.67,0.6584474885844749,0.6516447368421052,0.67,2025-09-29T01:08:06.994700
german,,2,0.3,7,0.655,0.6335110434120336,0.6233624789078079,0.655,2025-09-29T01:08:07.000894
german,,2,0.3,8,0.675,0.6668848779575423,0.6614686142913542,0.675,2025-09-29T01:08:07.008018
german,,2,0.4,4,0.72,0.6798103984594874,0.6920424403183024,0.72,2025-09-29T01:08:07.013669
german,,2,0.4,5,0.68,0.664033264033264,0.6568764568764568,0.68,2025-09-29T01:08:07.018843
german,,2,0.4,6,0.67,0.6584474885844749,0.6516447368421052,0.67,2025-09-29T01:08:07.025411
german,,2,0.4,7,0.655,0.6335110434120336,0.6233624789078079,0.655,2025-09-29T01:08:07.031685
german,,2,0.4,8,0.675,0.6668848779575423,0.6614686142913542,0.675,2025-09-29T01:08:07.038636
german,,2,0.5,4,0.72,0.6798103984594874,0.6920424403183024,0.72,2025-09-29T01:08:07.044525
german,,2,0.5,5,0.68,0.664033264033264,0.6568764568764568,0.68,2025-09-29T01:08:07.050738
german,,2,0.5,6,0.67,0.6584474885844749,0.6516447368421052,0.67,2025-09-29T01:08:07.056542
german,,2,0.5,7,0.655,0.6335110434120336,0.6233624789078079,0.655,2025-09-29T01:08:07.063775
german,,2,0.5,8,0.675,0.6668848779575423,0.6614686142913542,0.675,2025-09-29T01:08:07.070148
german,,2,0.6,4,0.72,0.6798103984594874,0.6920424403183024,0.72,2025-09-29T01:08:07.075970
german,,2,0.6,5,0.68,0.664033264033264,0.6568764568764568,0.68,2025-09-29T01:08:07.081693
german,,2,0.6,6,0.67,0.6584474885844749,0.6516447368421052,0.67,2025-09-29T01:08:07.088431
german,,2,0.6,7,0.655,0.6335110434120336,0.6233624789078079,0.655,2025-09-29T01:08:07.094976
german,,2,0.6,8,0.675,0.6668848779575423,0.6614686142913542,0.675,2025-09-29T01:08:07.101536
german,,2,0.7,4,0.72,0.6798103984594874,0.6920424403183024,0.72,2025-09-29T01:08:07.107840
german,,2,0.7,5,0.68,0.664033264033264,0.6568764568764568,0.68,2025-09-29T01:08:07.114271
german,,2,0.7,6,0.67,0.6584474885844749,0.6516447368421052,0.67,2025-09-29T01:08:07.119609
german,,2,0.7,7,0.655,0.6335110434120336,0.6233624789078079,0.655,2025-09-29T01:08:07.125919
german,,2,0.7,8,0.675,0.6668848779575423,0.6614686142913542,0.675,2025-09-29T01:08:07.131966
german,,2,0.8,4,0.72,0.6798103984594874,0.6920424403183024,0.72,2025-09-29T01:08:07.138081
german,,2,0.8,5,0.68,0.664033264033264,0.6568764568764568,0.68,2025-09-29T01:08:07.144102
german,,2,0.8,6,0.67,0.6584474885844749,0.6516447368421052,0.67,2025-09-29T01:08:07.149792
german,,2,0.8,7,0.655,0.6335110434120336,0.6233624789078079,0.655,2025-09-29T01:08:07.156733
german,,2,0.8,8,0.675,0.6668848779575423,0.6614686142913542,0.675,2025-09-29T01:08:07.163141
german,,2,0.9,4,0.72,0.6798103984594874,0.6920424403183024,0.72,2025-09-29T01:08:07.169453
german,,2,0.9,5,0.68,0.664033264033264,0.6568764568764568,0.68,2025-09-29T01:08:07.174881
german,,2,0.9,6,0.67,0.6584474885844749,0.6516447368421052,0.67,2025-09-29T01:08:07.181353
german,,2,0.9,7,0.655,0.6335110434120336,0.6233624789078079,0.655,2025-09-29T01:08:07.187905
german,,2,0.9,8,0.675,0.6668848779575423,0.6614686142913542,0.675,2025-09-29T01:08:07.193650
german,,2,1.0,4,0.72,0.6798103984594874,0.6920424403183024,0.72,2025-09-29T01:08:07.199184
german,,2,1.0,5,0.68,0.664033264033264,0.6568764568764568,0.68,2025-09-29T01:08:07.205366
german,,2,1.0,6,0.67,0.6584474885844749,0.6516447368421052,0.67,2025-09-29T01:08:07.211130
german,,2,1.0,7,0.655,0.6335110434120336,0.6233624789078079,0.655,2025-09-29T01:08:07.217009
german,,2,1.0,8,0.675,0.6668848779575423,0.6614686142913542,0.675,2025-09-29T01:08:07.223197
german,,3,0.0,4,0.72,0.6798103984594874,0.6920424403183024,0.72,2025-09-29T01:08:07.229183
german,,3,0.0,5,0.68,0.664033264033264,0.6568764568764568,0.68,2025-09-29T01:08:07.234415
german,,3,0.0,6,0.66,0.6525793650793651,0.6471933471933471,0.66,2025-09-29T01:08:07.240984
german,,3,0.0,7,0.63,0.6262263234579893,0.6229166666666667,0.63,2025-09-29T01:08:07.247303
german,,3,0.0,8,0.67,0.6627976190476191,0.6576923076923077,0.67,2025-09-29T01:08:07.254283
german,,3,0.1,4,0.72,0.6798103984594874,0.6920424403183024,0.72,2025-09-29T01:08:07.260984
german,,3,0.1,5,0.68,0.664033264033264,0.6568764568764568,0.68,2025-09-29T01:08:07.267061
german,,3,0.1,6,0.67,0.6584474885844749,0.6516447368421052,0.67,2025-09-29T01:08:07.273161
german,,3,0.1,7,0.655,0.6335110434120336,0.6233624789078079,0.655,2025-09-29T01:08:07.280100
german,,3,0.1,8,0.675,0.6668848779575423,0.6614686142913542,0.675,2025-09-29T01:08:07.286716
german,,3,0.2,4,0.72,0.6798103984594874,0.6920424403183024,0.72,2025-09-29T01:08:07.293256
german,,3,0.2,5,0.68,0.664033264033264,0.6568764568764568,0.68,2025-09-29T01:08:07.298655
german,,3,0.2,6,0.67,0.6584474885844749,0.6516447368421052,0.67,2025-09-29T01:08:07.304830
german,,3,0.2,7,0.655,0.6335110434120336,0.6233624789078079,0.655,2025-09-29T01:08:07.311254
german,,3,0.2,8,0.675,0.6668848779575423,0.6614686142913542,0.675,2025-09-29T01:08:07.318242
german,,3,0.3,4,0.72,0.6798103984594874,0.6920424403183024,0.72,2025-09-29T01:08:07.325230
german,,3,0.3,5,0.68,0.664033264033264,0.6568764568764568,0.68,2025-09-29T01:08:07.330630
german,,3,0.3,6,0.67,0.6584474885844749,0.6516447368421052,0.67,2025-09-29T01:08:07.336607
german,,3,0.3,7,0.655,0.6335110434120336,0.6233624789078079,0.655,2025-09-29T01:08:07.343490
german,,3,0.3,8,0.675,0.6668848779575423,0.6614686142913542,0.675,2025-09-29T01:08:07.349687
german,,3,0.4,4,0.72,0.6798103984594874,0.6920424403183024,0.72,2025-09-29T01:08:07.355767
german,,3,0.4,5,0.68,0.664033264033264,0.6568764568764568,0.68,2025-09-29T01:08:07.361604
german,,3,0.4,6,0.67,0.6584474885844749,0.6516447368421052,0.67,2025-09-29T01:08:07.368174
german,,3,0.4,7,0.655,0.6335110434120336,0.6233624789078079,0.655,2025-09-29T01:08:07.374977
german,,3,0.4,8,0.675,0.6668848779575423,0.6614686142913542,0.675,2025-09-29T01:08:07.381427
german,,3,0.5,4,0.72,0.6798103984594874,0.6920424403183024,0.72,2025-09-29T01:08:07.386997
german,,3,0.5,5,0.68,0.664033264033264,0.6568764568764568,0.68,2025-09-29T01:08:07.393145
german,,3,0.5,6,0.67,0.6584474885844749,0.6516447368421052,0.67,2025-09-29T01:08:07.399178
german,,3,0.5,7,0.655,0.6335110434120336,0.6233624789078079,0.655,2025-09-29T01:08:07.406091
german,,3,0.5,8,0.675,0.6668848779575423,0.6614686142913542,0.675,2025-09-29T01:08:07.412392
german,,3,0.6,4,0.72,0.6798103984594874,0.6920424403183024,0.72,2025-09-29T01:08:07.418488
german,,3,0.6,5,0.68,0.664033264033264,0.6568764568764568,0.68,2025-09-29T01:08:07.424990
german,,3,0.6,6,0.67,0.6584474885844749,0.6516447368421052,0.67,2025-09-29T01:08:07.431665
german,,3,0.6,7,0.655,0.6335110434120336,0.6233624789078079,0.655,2025-09-29T01:08:07.438358
german,,3,0.6,8,0.675,0.6668848779575423,0.6614686142913542,0.675,2025-09-29T01:08:07.444888
german,,3,0.7,4,0.72,0.6798103984594874,0.6920424403183024,0.72,2025-09-29T01:08:07.450476
german,,3,0.7,5,0.68,0.664033264033264,0.6568764568764568,0.68,2025-09-29T01:08:07.456751
german,,3,0.7,6,0.67,0.6584474885844749,0.6516447368421052,0.67,2025-09-29T01:08:07.462735
german,,3,0.7,7,0.655,0.6335110434120336,0.6233624789078079,0.655,2025-09-29T01:08:07.469741
german,,3,0.7,8,0.675,0.6668848779575423,0.6614686142913542,0.675,2025-09-29T01:08:07.475908
german,,3,0.8,4,0.72,0.6798103984594874,0.6920424403183024,0.72,2025-09-29T01:08:07.482234
german,,3,0.8,5,0.68,0.664033264033264,0.6568764568764568,0.68,2025-09-29T01:08:07.488011
german,,3,0.8,6,0.67,0.6584474885844749,0.6516447368421052,0.67,2025-09-29T01:08:07.494169
german,,3,0.8,7,0.655,0.6335110434120336,0.6233624789078079,0.655,2025-09-29T01:08:07.500316
german,,3,0.8,8,0.675,0.6668848779575423,0.6614686142913542,0.675,2025-09-29T01:08:07.506305
german,,3,0.9,4,0.72,0.6798103984594874,0.6920424403183024,0.72,2025-09-29T01:08:07.512477
german,,3,0.9,5,0.68,0.664033264033264,0.6568764568764568,0.68,2025-09-29T01:08:07.517973
german,,3,0.9,6,0.67,0.6584474885844749,0.6516447368421052,0.67,2025-09-29T01:08:07.524287
german,,3,0.9,7,0.655,0.6335110434120336,0.6233624789078079,0.655,2025-09-29T01:08:07.530540
german,,3,0.9,8,0.675,0.6668848779575423,0.6614686142913542,0.675,2025-09-29T01:08:07.537974
german,,3,1.0,4,0.72,0.6798103984594874,0.6920424403183024,0.72,2025-09-29T01:08:07.543758
german,,3,1.0,5,0.68,0.664033264033264,0.6568764568764568,0.68,2025-09-29T01:08:07.550163
german,,3,1.0,6,0.67,0.6584474885844749,0.6516447368421052,0.67,2025-09-29T01:08:07.556292
german,,3,1.0,7,0.655,0.6335110434120336,0.6233624789078079,0.655,2025-09-29T01:08:07.561937
german,,3,1.0,8,0.675,0.6668848779575423,0.6614686142913542,0.675,2025-09-29T01:08:07.569136
german,,4,0.0,4,0.72,0.6798103984594874,0.6920424403183024,0.72,2025-09-29T01:08:07.574703
german,,4,0.0,5,0.68,0.664033264033264,0.6568764568764568,0.68,2025-09-29T01:08:07.580595
german,,4,0.0,6,0.66,0.6525793650793651,0.6471933471933471,0.66,2025-09-29T01:08:07.587096
german,,4,0.0,7,0.63,0.6262263234579893,0.6229166666666667,0.63,2025-09-29T01:08:07.593852
german,,4,0.0,8,0.67,0.6627976190476191,0.6576923076923077,0.67,2025-09-29T01:08:07.600457
german,,4,0.1,4,0.72,0.6798103984594874,0.6920424403183024,0.72,2025-09-29T01:08:07.606718
german,,4,0.1,5,0.68,0.664033264033264,0.6568764568764568,0.68,2025-09-29T01:08:07.612262
german,,4,0.1,6,0.67,0.6584474885844749,0.6516447368421052,0.67,2025-09-29T01:08:07.618832
german,,4,0.1,7,0.635,0.6182082324455206,0.6079569892473118,0.635,2025-09-29T01:08:07.625498
german,,4,0.1,8,0.665,0.6544279453955043,0.6477767265846737,0.665,2025-09-29T01:08:07.632829
german,,4,0.2,4,0.72,0.6798103984594874,0.6920424403183024,0.72,2025-09-29T01:08:07.639564
german,,4,0.2,5,0.68,0.664033264033264,0.6568764568764568,0.68,2025-09-29T01:08:07.646165
german,,4,0.2,6,0.67,0.6584474885844749,0.6516447368421052,0.67,2025-09-29T01:08:07.652289
german,,4,0.2,7,0.635,0.6182082324455206,0.6079569892473118,0.635,2025-09-29T01:08:07.658060
german,,4,0.2,8,0.665,0.6544279453955043,0.6477767265846737,0.665,2025-09-29T01:08:07.664714
german,,4,0.3,4,0.72,0.6798103984594874,0.6920424403183024,0.72,2025-09-29T01:08:07.670211
german,,4,0.3,5,0.68,0.664033264033264,0.6568764568764568,0.68,2025-09-29T01:08:07.676562
german,,4,0.3,6,0.67,0.6584474885844749,0.6516447368421052,0.67,2025-09-29T01:08:07.682742
german,,4,0.3,7,0.635,0.6182082324455206,0.6079569892473118,0.635,2025-09-29T01:08:07.688907
german,,4,0.3,8,0.665,0.6544279453955043,0.6477767265846737,0.665,2025-09-29T01:08:07.695798
german,,4,0.4,4,0.72,0.6798103984594874,0.6920424403183024,0.72,2025-09-29T01:08:07.701030
german,,4,0.4,5,0.68,0.664033264033264,0.6568764568764568,0.68,2025-09-29T01:08:07.708140
german,,4,0.4,6,0.67,0.6584474885844749,0.6516447368421052,0.67,2025-09-29T01:08:07.714274
german,,4,0.4,7,0.635,0.6182082324455206,0.6079569892473118,0.635,2025-09-29T01:08:07.721239
german,,4,0.4,8,0.665,0.6544279453955043,0.6477767265846737,0.665,2025-09-29T01:08:07.727739
german,,4,0.5,4,0.72,0.6798103984594874,0.6920424403183024,0.72,2025-09-29T01:08:07.734164
german,,4,0.5,5,0.68,0.664033264033264,0.6568764568764568,0.68,2025-09-29T01:08:07.740544
german,,4,0.5,6,0.67,0.6584474885844749,0.6516447368421052,0.67,2025-09-29T01:08:07.747014
german,,4,0.5,7,0.635,0.6182082324455206,0.6079569892473118,0.635,2025-09-29T01:08:07.753362
german,,4,0.5,8,0.665,0.6544279453955043,0.6477767265846737,0.665,2025-09-29T01:08:07.760091
german,,4,0.6,4,0.72,0.6798103984594874,0.6920424403183024,0.72,2025-09-29T01:08:07.765267
german,,4,0.6,5,0.68,0.664033264033264,0.6568764568764568,0.68,2025-09-29T01:08:07.772155
german,,4,0.6,6,0.67,0.6584474885844749,0.6516447368421052,0.67,2025-09-29T01:08:07.778038
german,,4,0.6,7,0.635,0.6182082324455206,0.6079569892473118,0.635,2025-09-29T01:08:07.784634
german,,4,0.6,8,0.665,0.6544279453955043,0.6477767265846737,0.665,2025-09-29T01:08:07.791566
german,,4,0.7,4,0.72,0.6798103984594874,0.6920424403183024,0.72,2025-09-29T01:08:07.797866
german,,4,0.7,5,0.68,0.664033264033264,0.6568764568764568,0.68,2025-09-29T01:08:07.803667
german,,4,0.7,6,0.67,0.6584474885844749,0.6516447368421052,0.67,2025-09-29T01:08:07.810262
german,,4,0.7,7,0.635,0.6182082324455206,0.6079569892473118,0.635,2025-09-29T01:08:07.816921
german,,4,0.7,8,0.665,0.6544279453955043,0.6477767265846737,0.665,2025-09-29T01:08:07.823089
german,,4,0.8,4,0.72,0.6798103984594874,0.6920424403183024,0.72,2025-09-29T01:08:07.828464
german,,4,0.8,5,0.68,0.664033264033264,0.6568764568764568,0.68,2025-09-29T01:08:07.835092
german,,4,0.8,6,0.67,0.6584474885844749,0.6516447368421052,0.67,2025-09-29T01:08:07.840716
german,,4,0.8,7,0.635,0.6182082324455206,0.6079569892473118,0.635,2025-09-29T01:08:07.846784
german,,4,0.8,8,0.665,0.6544279453955043,0.6477767265846737,0.665,2025-09-29T01:08:07.853417
german,,4,0.9,4,0.72,0.6798103984594874,0.6920424403183024,0.72,2025-09-29T01:08:07.858703
german,,4,0.9,5,0.68,0.664033264033264,0.6568764568764568,0.68,2025-09-29T01:08:07.864045
german,,4,0.9,6,0.67,0.6584474885844749,0.6516447368421052,0.67,2025-09-29T01:08:07.870093
german,,4,0.9,7,0.635,0.6182082324455206,0.6079569892473118,0.635,2025-09-29T01:08:07.875902
german,,4,0.9,8,0.665,0.6544279453955043,0.6477767265846737,0.665,2025-09-29T01:08:07.882413
german,,4,1.0,4,0.72,0.6798103984594874,0.6920424403183024,0.72,2025-09-29T01:08:07.887976
german,,4,1.0,5,0.68,0.664033264033264,0.6568764568764568,0.68,2025-09-29T01:08:07.894156
german,,4,1.0,6,0.67,0.6584474885844749,0.6516447368421052,0.67,2025-09-29T01:08:07.900385
german,,4,1.0,7,0.635,0.6182082324455206,0.6079569892473118,0.635,2025-09-29T01:08:07.906972
german,,4,1.0,8,0.665,0.6544279453955043,0.6477767265846737,0.665,2025-09-29T01:08:07.913602
german,,5,0.0,4,0.72,0.6798103984594874,0.6920424403183024,0.72,2025-09-29T01:08:07.918877
german,,5,0.0,5,0.68,0.664033264033264,0.6568764568764568,0.68,2025-09-29T01:08:07.924471
german,,5,0.0,6,0.66,0.6525793650793651,0.6471933471933471,0.66,2025-09-29T01:08:07.930967
german,,5,0.0,7,0.63,0.6262263234579893,0.6229166666666667,0.63,2025-09-29T01:08:07.937066
german,,5,0.0,8,0.67,0.6627976190476191,0.6576923076923077,0.67,2025-09-29T01:08:07.943708
german,,5,0.1,4,0.72,0.6798103984594874,0.6920424403183024,0.72,2025-09-29T01:08:07.949075
german,,5,0.1,5,0.68,0.664033264033264,0.6568764568764568,0.68,2025-09-29T01:08:07.955009
german,,5,0.1,6,0.655,0.6524055449850503,0.650092013249908,0.655,2025-09-29T01:08:07.960908
german,,5,0.1,7,0.63,0.6195611285266458,0.612,0.63,2025-09-29T01:08:07.966967
german,,5,0.1,8,0.665,0.6544279453955043,0.6477767265846737,0.665,2025-09-29T01:08:07.974208
german,,5,0.2,4,0.72,0.6798103984594874,0.6920424403183024,0.72,2025-09-29T01:08:07.980458
german,,5,0.2,5,0.68,0.664033264033264,0.6568764568764568,0.68,2025-09-29T01:08:07.985976
german,,5,0.2,6,0.655,0.6524055449850503,0.650092013249908,0.655,2025-09-29T01:08:07.992519
german,,5,0.2,7,0.63,0.6195611285266458,0.612,0.63,2025-09-29T01:08:07.999129
german,,5,0.2,8,0.665,0.6544279453955043,0.6477767265846737,0.665,2025-09-29T01:08:08.006336
german,,5,0.3,4,0.72,0.6798103984594874,0.6920424403183024,0.72,2025-09-29T01:08:08.011696
german,,5,0.3,5,0.68,0.664033264033264,0.6568764568764568,0.68,2025-09-29T01:08:08.016991
german,,5,0.3,6,0.655,0.6524055449850503,0.650092013249908,0.655,2025-09-29T01:08:08.024511
german,,5,0.3,7,0.63,0.6195611285266458,0.612,0.63,2025-09-29T01:08:08.030589
german,,5,0.3,8,0.665,0.6544279453955043,0.6477767265846737,0.665,2025-09-29T01:08:08.037176
german,,5,0.4,4,0.72,0.6798103984594874,0.6920424403183024,0.72,2025-09-29T01:08:08.042593
german,,5,0.4,5,0.68,0.664033264033264,0.6568764568764568,0.68,2025-09-29T01:08:08.047884
german,,5,0.4,6,0.655,0.6524055449850503,0.650092013249908,0.655,2025-09-29T01:08:08.054448
german,,5,0.4,7,0.63,0.6195611285266458,0.612,0.63,2025-09-29T01:08:08.060844
german,,5,0.4,8,0.665,0.6544279453955043,0.6477767265846737,0.665,2025-09-29T01:08:08.067896
german,,5,0.5,4,0.72,0.6798103984594874,0.6920424403183024,0.72,2025-09-29T01:08:08.074225
german,,5,0.5,5,0.68,0.664033264033264,0.6568764568764568,0.68,2025-09-29T01:08:08.080627
german,,5,0.5,6,0.655,0.6524055449850503,0.650092013249908,0.655,2025-09-29T01:08:08.087174
german,,5,0.5,7,0.63,0.6195611285266458,0.612,0.63,2025-09-29T01:08:08.093609
german,,5,0.5,8,0.665,0.6544279453955043,0.6477767265846737,0.665,2025-09-29T01:08:08.100075
german,,5,0.6,4,0.72,0.6798103984594874,0.6920424403183024,0.72,2025-09-29T01:08:08.106416
german,,5,0.6,5,0.68,0.664033264033264,0.6568764568764568,0.68,2025-09-29T01:08:08.111665
german,,5,0.6,6,0.655,0.6524055449850503,0.650092013249908,0.655,2025-09-29T01:08:08.118410
german,,5,0.6,7,0.63,0.6195611285266458,0.612,0.63,2025-09-29T01:08:08.125028
german,,5,0.6,8,0.665,0.6544279453955043,0.6477767265846737,0.665,2025-09-29T01:08:08.131899
german,,5,0.7,4,0.72,0.6798103984594874,0.6920424403183024,0.72,2025-09-29T01:08:08.137990
german,,5,0.7,5,0.68,0.664033264033264,0.6568764568764568,0.68,2025-09-29T01:08:08.144085
german,,5,0.7,6,0.655,0.6524055449850503,0.650092013249908,0.655,2025-09-29T01:08:08.150125
german,,5,0.7,7,0.63,0.6195611285266458,0.612,0.63,2025-09-29T01:08:08.156465
german,,5,0.7,8,0.665,0.6544279453955043,0.6477767265846737,0.665,2025-09-29T01:08:08.163208
german,,5,0.8,4,0.72,0.6798103984594874,0.6920424403183024,0.72,2025-09-29T01:08:08.169397
german,,5,0.8,5,0.68,0.664033264033264,0.6568764568764568,0.68,2025-09-29T01:08:08.175835
german,,5,0.8,6,0.655,0.6524055449850503,0.650092013249908,0.655,2025-09-29T01:08:08.182049
german,,5,0.8,7,0.63,0.6195611285266458,0.612,0.63,2025-09-29T01:08:08.188855
german,,5,0.8,8,0.665,0.6544279453955043,0.6477767265846737,0.665,2025-09-29T01:08:08.196036
german,,5,0.9,4,0.72,0.6798103984594874,0.6920424403183024,0.72,2025-09-29T01:08:08.202335
german,,5,0.9,5,0.68,0.664033264033264,0.6568764568764568,0.68,2025-09-29T01:08:08.208658
german,,5,0.9,6,0.655,0.6524055449850503,0.650092013249908,0.655,2025-09-29T01:08:08.214794
german,,5,0.9,7,0.63,0.6195611285266458,0.612,0.63,2025-09-29T01:08:08.221568
german,,5,0.9,8,0.665,0.6544279453955043,0.6477767265846737,0.665,2025-09-29T01:08:08.228290
german,,5,1.0,4,0.72,0.6798103984594874,0.6920424403183024,0.72,2025-09-29T01:08:08.233531
german,,5,1.0,5,0.68,0.664033264033264,0.6568764568764568,0.68,2025-09-29T01:08:08.239987
german,,5,1.0,6,0.655,0.6524055449850503,0.650092013249908,0.655,2025-09-29T01:08:08.246704
german,,5,1.0,7,0.63,0.6195611285266458,0.612,0.63,2025-09-29T01:08:08.253230
german,,5,1.0,8,0.665,0.6544279453955043,0.6477767265846737,0.665,2025-09-29T01:08:08.259868
australian,,1,0.0,4,0.7753623188405797,0.7746769713146959,0.7747345077461268,0.7753623188405797,2025-09-29T01:08:08.265171
australian,,1,0.0,5,0.7536231884057971,0.7525660040608316,0.752794492941963,0.7536231884057971,2025-09-29T01:08:08.269967
australian,,1,0.0,6,0.7318840579710145,0.7263311430589162,0.7345008051529791,0.7318840579710145,2025-09-29T01:08:08.275017
australian,,1,0.0,7,0.8188405797101449,0.819442438249314,0.8242540494458652,0.8188405797101449,2025-09-29T01:08:08.280735
australian,,1,0.0,8,0.8260869565217391,0.8265286404416838,0.8283593714207175,0.8260869565217391,2025-09-29T01:08:08.286381
australian,,1,0.1,4,0.7971014492753623,0.7977419118723467,0.8067592228691204,0.7971014492753623,2025-09-29T01:08:08.291602
australian,,1,0.1,5,0.7608695652173914,0.7601400017220957,0.7601386806596702,0.7608695652173914,2025-09-29T01:08:08.296996
australian,,1,0.1,6,0.7608695652173914,0.7616626801103266,0.7689258312020459,0.7608695652173914,2025-09-29T01:08:08.302917
australian,,1,0.1,7,0.8188405797101449,0.8193671224420555,0.8220428926950667,0.8188405797101449,2025-09-29T01:08:08.308122
australian,,1,0.1,8,0.8115942028985508,0.8115942028985508,0.8115942028985508,0.8115942028985508,2025-09-29T01:08:08.313070
australian,,1,0.2,4,0.7971014492753623,0.7977419118723467,0.8067592228691204,0.7971014492753623,2025-09-29T01:08:08.318775
australian,,1,0.2,5,0.7608695652173914,0.7601400017220957,0.7601386806596702,0.7608695652173914,2025-09-29T01:08:08.323810
australian,,1,0.2,6,0.7608695652173914,0.7616626801103266,0.7689258312020459,0.7608695652173914,2025-09-29T01:08:08.329093
australian,,1,0.2,7,0.8188405797101449,0.8193671224420555,0.8220428926950667,0.8188405797101449,2025-09-29T01:08:08.334817
australian,,1,0.2,8,0.8115942028985508,0.8115942028985508,0.8115942028985508,0.8115942028985508,2025-09-29T01:08:08.340293
australian,,1,0.3,4,0.7971014492753623,0.7977419118723467,0.8067592228691204,0.7971014492753623,2025-09-29T01:08:08.345083
australian,,1,0.3,5,0.7608695652173914,0.7601400017220957,0.7601386806596702,0.7608695652173914,2025-09-29T01:08:08.356771
australian,,1,0.3,6,0.7608695652173914,0.7616626801103266,0.7689258312020459,0.7608695652173914,2025-09-29T01:08:08.364943
australian,,1,0.3,7,0.8188405797101449,0.8193671224420555,0.8220428926950667,0.8188405797101449,2025-09-29T01:08:08.371774
australian,,1,0.3,8,0.8115942028985508,0.8115942028985508,0.8115942028985508,0.8115942028985508,2025-09-29T01:08:08.379174
australian,,1,0.4,4,0.7971014492753623,0.7977419118723467,0.8067592228691204,0.7971014492753623,2025-09-29T01:08:08.384538
australian,,1,0.4,5,0.7608695652173914,0.7601400017220957,0.7601386806596702,0.7608695652173914,2025-09-29T01:08:08.390858
australian,,1,0.4,6,0.7608695652173914,0.7616626801103266,0.7689258312020459,0.7608695652173914,2025-09-29T01:08:08.396852
australian,,1,0.4,7,0.8188405797101449,0.8193671224420555,0.8220428926950667,0.8188405797101449,2025-09-29T01:08:08.402934
australian,,1,0.4,8,0.8115942028985508,0.8115942028985508,0.8115942028985508,0.8115942028985508,2025-09-29T01:08:08.412716
australian,,1,0.5,4,0.7971014492753623,0.7977419118723467,0.8067592228691204,0.7971014492753623,2025-09-29T01:08:08.420827
australian,,1,0.5,5,0.7608695652173914,0.7601400017220957,0.7601386806596702,0.7608695652173914,2025-09-29T01:08:08.427680
australian,,1,0.5,6,0.7608695652173914,0.7616626801103266,0.7689258312020459,0.7608695652173914,2025-09-29T01:08:08.434037
australian,,1,0.5,7,0.8188405797101449,0.8193671224420555,0.8220428926950667,0.8188405797101449,2025-09-29T01:08:08.439722
australian,,1,0.5,8,0.8115942028985508,0.8115942028985508,0.8115942028985508,0.8115942028985508,2025-09-29T01:08:08.445537
australian,,1,0.6,4,0.7971014492753623,0.7977419118723467,0.8067592228691204,0.7971014492753623,2025-09-29T01:08:08.450195
australian,,1,0.6,5,0.7608695652173914,0.7601400017220957,0.7601386806596702,0.7608695652173914,2025-09-29T01:08:08.455719
australian,,1,0.6,6,0.7608695652173914,0.7616626801103266,0.7689258312020459,0.7608695652173914,2025-09-29T01:08:08.460786
australian,,1,0.6,7,0.8188405797101449,0.8193671224420555,0.8220428926950667,0.8188405797101449,2025-09-29T01:08:08.465773
australian,,1,0.6,8,0.8115942028985508,0.8115942028985508,0.8115942028985508,0.8115942028985508,2025-09-29T01:08:08.471948
australian,,1,0.7,4,0.7971014492753623,0.7977419118723467,0.8067592228691204,0.7971014492753623,2025-09-29T01:08:08.476952
australian,,1,0.7,5,0.7608695652173914,0.7601400017220957,0.7601386806596702,0.7608695652173914,2025-09-29T01:08:08.481785
australian,,1,0.7,6,0.7608695652173914,0.7616626801103266,0.7689258312020459,0.7608695652173914,2025-09-29T01:08:08.486944
australian,,1,0.7,7,0.8188405797101449,0.8193671224420555,0.8220428926950667,0.8188405797101449,2025-09-29T01:08:08.492943
australian,,1,0.7,8,0.8115942028985508,0.8115942028985508,0.8115942028985508,0.8115942028985508,2025-09-29T01:08:08.498090
australian,,1,0.8,4,0.7971014492753623,0.7977419118723467,0.8067592228691204,0.7971014492753623,2025-09-29T01:08:08.503369
australian,,1,0.8,5,0.7608695652173914,0.7601400017220957,0.7601386806596702,0.7608695652173914,2025-09-29T01:08:08.508536
australian,,1,0.8,6,0.7608695652173914,0.7616626801103266,0.7689258312020459,0.7608695652173914,2025-09-29T01:08:08.513929
australian,,1,0.8,7,0.8188405797101449,0.8193671224420555,0.8220428926950667,0.8188405797101449,2025-09-29T01:08:08.519350
australian,,1,0.8,8,0.8115942028985508,0.8115942028985508,0.8115942028985508,0.8115942028985508,2025-09-29T01:08:08.524647
australian,,1,0.9,4,0.7971014492753623,0.7977419118723467,0.8067592228691204,0.7971014492753623,2025-09-29T01:08:08.529638
australian,,1,0.9,5,0.7608695652173914,0.7601400017220957,0.7601386806596702,0.7608695652173914,2025-09-29T01:08:08.535016
australian,,1,0.9,6,0.7608695652173914,0.7616626801103266,0.7689258312020459,0.7608695652173914,2025-09-29T01:08:08.541081
australian,,1,0.9,7,0.8188405797101449,0.8193671224420555,0.8220428926950667,0.8188405797101449,2025-09-29T01:08:08.546307
australian,,1,0.9,8,0.8115942028985508,0.8115942028985508,0.8115942028985508,0.8115942028985508,2025-09-29T01:08:08.551400
australian,,1,1.0,4,0.7971014492753623,0.7977419118723467,0.8067592228691204,0.7971014492753623,2025-09-29T01:08:08.557150
australian,,1,1.0,5,0.7608695652173914,0.7601400017220957,0.7601386806596702,0.7608695652173914,2025-09-29T01:08:08.562149
australian,,1,1.0,6,0.7608695652173914,0.7616626801103266,0.7689258312020459,0.7608695652173914,2025-09-29T01:08:08.567076
australian,,1,1.0,7,0.8188405797101449,0.8193671224420555,0.8220428926950667,0.8188405797101449,2025-09-29T01:08:08.572762
australian,,1,1.0,8,0.8115942028985508,0.8115942028985508,0.8115942028985508,0.8115942028985508,2025-09-29T01:08:08.578612
australian,,2,0.0,4,0.7753623188405797,0.7746769713146959,0.7747345077461268,0.7753623188405797,2025-09-29T01:08:08.583623
australian,,2,0.0,5,0.7536231884057971,0.7525660040608316,0.752794492941963,0.7536231884057971,2025-09-29T01:08:08.589005
australian,,2,0.0,6,0.7318840579710145,0.7263311430589162,0.7345008051529791,0.7318840579710145,2025-09-29T01:08:08.594829
australian,,2,0.0,7,0.8188405797101449,0.819442438249314,0.8242540494458652,0.8188405797101449,2025-09-29T01:08:08.599838
australian,,2,0.0,8,0.8260869565217391,0.8265286404416838,0.8283593714207175,0.8260869565217391,2025-09-29T01:08:08.605553
australian,,2,0.1,4,0.7971014492753623,0.7977419118723467,0.8067592228691204,0.7971014492753623,2025-09-29T01:08:08.610522
australian,,2,0.1,5,0.7608695652173914,0.7601400017220957,0.7601386806596702,0.7608695652173914,2025-09-29T01:08:08.615867
australian,,2,0.1,6,0.7536231884057971,0.7501357117608443,0.7548970612732849,0.7536231884057971,2025-09-29T01:08:08.621340
australian,,2,0.1,7,0.8188405797101449,0.8193671224420555,0.8220428926950667,0.8188405797101449,2025-09-29T01:08:08.627211
australian,,2,0.1,8,0.7898550724637681,0.7892139409072961,0.7893303348325837,0.7898550724637681,2025-09-29T01:08:08.632464
australian,,2,0.2,4,0.7971014492753623,0.7977419118723467,0.8067592228691204,0.7971014492753623,2025-09-29T01:08:08.637538
australian,,2,0.2,5,0.7608695652173914,0.7601400017220957,0.7601386806596702,0.7608695652173914,2025-09-29T01:08:08.642747
australian,,2,0.2,6,0.7536231884057971,0.7501357117608443,0.7548970612732849,0.7536231884057971,2025-09-29T01:08:08.647863
australian,,2,0.2,7,0.8188405797101449,0.8193671224420555,0.8220428926950667,0.8188405797101449,2025-09-29T01:08:08.653018
australian,,2,0.2,8,0.7898550724637681,0.7892139409072961,0.7893303348325837,0.7898550724637681,2025-09-29T01:08:08.659265
australian,,2,0.3,4,0.7971014492753623,0.7977419118723467,0.8067592228691204,0.7971014492753623,2025-09-29T01:08:08.663938
australian,,2,0.3,5,0.7608695652173914,0.7601400017220957,0.7601386806596702,0.7608695652173914,2025-09-29T01:08:08.668575
australian,,2,0.3,6,0.7536231884057971,0.7501357117608443,0.7548970612732849,0.7536231884057971,2025-09-29T01:08:08.674266
australian,,2,0.3,7,0.8188405797101449,0.8193671224420555,0.8220428926950667,0.8188405797101449,2025-09-29T01:08:08.679820
australian,,2,0.3,8,0.7898550724637681,0.7892139409072961,0.7893303348325837,0.7898550724637681,2025-09-29T01:08:08.685199
australian,,2,0.4,4,0.7971014492753623,0.7977419118723467,0.8067592228691204,0.7971014492753623,2025-09-29T01:08:08.690997
australian,,2,0.4,5,0.7608695652173914,0.7601400017220957,0.7601386806596702,0.7608695652173914,2025-09-29T01:08:08.696532
australian,,2,0.4,6,0.7536231884057971,0.7501357117608443,0.7548970612732849,0.7536231884057971,2025-09-29T01:08:08.701954
australian,,2,0.4,7,0.8188405797101449,0.8193671224420555,0.8220428926950667,0.8188405797101449,2025-09-29T01:08:08.707648
australian,,2,0.4,8,0.7898550724637681,0.7892139409072961,0.7893303348325837,0.7898550724637681,2025-09-29T01:08:08.712707
australian,,2,0.5,4,0.7971014492753623,0.7977419118723467,0.8067592228691204,0.7971014492753623,2025-09-29T01:08:08.718565
australian,,2,0.5,5,0.7608695652173914,0.7601400017220957,0.7601386806596702,0.7608695652173914,2025-09-29T01:08:08.724176
australian,,2,0.5,6,0.7536231884057971,0.7501357117608443,0.7548970612732849,0.7536231884057971,2025-09-29T01:08:08.729363
australian,,2,0.5,7,0.8188405797101449,0.8193671224420555,0.8220428926950667,0.8188405797101449,2025-09-29T01:08:08.735467
australian,,2,0.5,8,0.7898550724637681,0.7892139409072961,0.7893303348325837,0.7898550724637681,2025-09-29T01:08:08.740856
australian,,2,0.6,4,0.7971014492753623,0.7977419118723467,0.8067592228691204,0.7971014492753623,2025-09-29T01:08:08.745742
australian,,2,0.6,5,0.7608695652173914,0.7601400017220957,0.7601386806596702,0.7608695652173914,2025-09-29T01:08:08.751035
australian,,2,0.6,6,0.7536231884057971,0.7501357117608443,0.7548970612732849,0.7536231884057971,2025-09-29T01:08:08.756793
australian,,2,0.6,7,0.8188405797101449,0.8193671224420555,0.8220428926950667,0.8188405797101449,2025-09-29T01:08:08.761756
australian,,2,0.6,8,0.7898550724637681,0.7892139409072961,0.7893303348325837,0.7898550724637681,2025-09-29T01:08:08.766934
australian,,2,0.7,4,0.7971014492753623,0.7977419118723467,0.8067592228691204,0.7971014492753623,2025-09-29T01:08:08.772102
australian,,2,0.7,5,0.7608695652173914,0.7601400017220957,0.7601386806596702,0.7608695652173914,2025-09-29T01:08:08.777710
australian,,2,0.7,6,0.7536231884057971,0.7501357117608443,0.7548970612732849,0.7536231884057971,2025-09-29T01:08:08.782963
australian,,2,0.7,7,0.8188405797101449,0.8193671224420555,0.8220428926950667,0.8188405797101449,2025-09-29T01:08:08.788612
australian,,2,0.7,8,0.7898550724637681,0.7892139409072961,0.7893303348325837,0.7898550724637681,2025-09-29T01:08:08.793787
australian,,2,0.8,4,0.7971014492753623,0.7977419118723467,0.8067592228691204,0.7971014492753623,2025-09-29T01:08:08.798917
australian,,2,0.8,5,0.7608695652173914,0.7601400017220957,0.7601386806596702,0.7608695652173914,2025-09-29T01:08:08.803896
australian,,2,0.8,6,0.7536231884057971,0.7501357117608443,0.7548970612732849,0.7536231884057971,2025-09-29T01:08:08.809212
australian,,2,0.8,7,0.8188405797101449,0.8193671224420555,0.8220428926950667,0.8188405797101449,2025-09-29T01:08:08.814719
australian,,2,0.8,8,0.7898550724637681,0.7892139409072961,0.7893303348325837,0.7898550724637681,2025-09-29T01:08:08.820964
australian,,2,0.9,4,0.7971014492753623,0.7977419118723467,0.8067592228691204,0.7971014492753623,2025-09-29T01:08:08.826329
australian,,2,0.9,5,0.7608695652173914,0.7601400017220957,0.7601386806596702,0.7608695652173914,2025-09-29T01:08:08.831134
australian,,2,0.9,6,0.7536231884057971,0.7501357117608443,0.7548970612732849,0.7536231884057971,2025-09-29T01:08:08.837134
australian,,2,0.9,7,0.8188405797101449,0.8193671224420555,0.8220428926950667,0.8188405797101449,2025-09-29T01:08:08.842451
australian,,2,0.9,8,0.7898550724637681,0.7892139409072961,0.7893303348325837,0.7898550724637681,2025-09-29T01:08:08.847858
australian,,2,1.0,4,0.7971014492753623,0.7977419118723467,0.8067592228691204,0.7971014492753623,2025-09-29T01:08:08.853632
australian,,2,1.0,5,0.7608695652173914,0.7601400017220957,0.7601386806596702,0.7608695652173914,2025-09-29T01:08:08.858622
australian,,2,1.0,6,0.7536231884057971,0.7501357117608443,0.7548970612732849,0.7536231884057971,2025-09-29T01:08:08.863871
australian,,2,1.0,7,0.8188405797101449,0.8193671224420555,0.8220428926950667,0.8188405797101449,2025-09-29T01:08:08.869058
australian,,2,1.0,8,0.7898550724637681,0.7892139409072961,0.7893303348325837,0.7898550724637681,2025-09-29T01:08:08.875356
australian,,3,0.0,4,0.7753623188405797,0.7746769713146959,0.7747345077461268,0.7753623188405797,2025-09-29T01:08:08.880263
australian,,3,0.0,5,0.7536231884057971,0.7525660040608316,0.752794492941963,0.7536231884057971,2025-09-29T01:08:08.885226
australian,,3,0.0,6,0.7318840579710145,0.7263311430589162,0.7345008051529791,0.7318840579710145,2025-09-29T01:08:08.891761
australian,,3,0.0,7,0.8188405797101449,0.819442438249314,0.8242540494458652,0.8188405797101449,2025-09-29T01:08:08.896915
australian,,3,0.0,8,0.8260869565217391,0.8265286404416838,0.8283593714207175,0.8260869565217391,2025-09-29T01:08:08.902524
australian,,3,0.1,4,0.7971014492753623,0.7977419118723467,0.8067592228691204,0.7971014492753623,2025-09-29T01:08:08.908488
australian,,3,0.1,5,0.7608695652173914,0.7601400017220957,0.7601386806596702,0.7608695652173914,2025-09-29T01:08:08.913535
australian,,3,0.1,6,0.7536231884057971,0.7501357117608443,0.7548970612732849,0.7536231884057971,2025-09-29T01:08:08.918648
australian,,3,0.1,7,0.8188405797101449,0.8193671224420555,0.8220428926950667,0.8188405797101449,2025-09-29T01:08:08.923953
australian,,3,0.1,8,0.7898550724637681,0.7892139409072961,0.7893303348325837,0.7898550724637681,2025-09-29T01:08:08.929690
australian,,3,0.2,4,0.7971014492753623,0.7977419118723467,0.8067592228691204,0.7971014492753623,2025-09-29T01:08:08.934574
australian,,3,0.2,5,0.7608695652173914,0.7601400017220957,0.7601386806596702,0.7608695652173914,2025-09-29T01:08:08.939796
australian,,3,0.2,6,0.7536231884057971,0.7501357117608443,0.7548970612732849,0.7536231884057971,2025-09-29T01:08:08.944875
australian,,3,0.2,7,0.8188405797101449,0.8193671224420555,0.8220428926950667,0.8188405797101449,2025-09-29T01:08:08.950640
australian,,3,0.2,8,0.7898550724637681,0.7892139409072961,0.7893303348325837,0.7898550724637681,2025-09-29T01:08:08.955825
australian,,3,0.3,4,0.7971014492753623,0.7977419118723467,0.8067592228691204,0.7971014492753623,2025-09-29T01:08:08.960710
australian,,3,0.3,5,0.7608695652173914,0.7601400017220957,0.7601386806596702,0.7608695652173914,2025-09-29T01:08:08.965803
australian,,3,0.3,6,0.7536231884057971,0.7501357117608443,0.7548970612732849,0.7536231884057971,2025-09-29T01:08:08.970657
australian,,3,0.3,7,0.8188405797101449,0.8193671224420555,0.8220428926950667,0.8188405797101449,2025-09-29T01:08:08.975584
australian,,3,0.3,8,0.7898550724637681,0.7892139409072961,0.7893303348325837,0.7898550724637681,2025-09-29T01:08:08.981371
australian,,3,0.4,4,0.7971014492753623,0.7977419118723467,0.8067592228691204,0.7971014492753623,2025-09-29T01:08:08.986107
australian,,3,0.4,5,0.7608695652173914,0.7601400017220957,0.7601386806596702,0.7608695652173914,2025-09-29T01:08:08.991390
australian,,3,0.4,6,0.7536231884057971,0.7501357117608443,0.7548970612732849,0.7536231884057971,2025-09-29T01:08:08.996878
australian,,3,0.4,7,0.8188405797101449,0.8193671224420555,0.8220428926950667,0.8188405797101449,2025-09-29T01:08:09.002364
australian,,3,0.4,8,0.7898550724637681,0.7892139409072961,0.7893303348325837,0.7898550724637681,2025-09-29T01:08:09.007852
australian,,3,0.5,4,0.7971014492753623,0.7977419118723467,0.8067592228691204,0.7971014492753623,2025-09-29T01:08:09.012947
australian,,3,0.5,5,0.7608695652173914,0.7601400017220957,0.7601386806596702,0.7608695652173914,2025-09-29T01:08:09.017702
australian,,3,0.5,6,0.7536231884057971,0.7501357117608443,0.7548970612732849,0.7536231884057971,2025-09-29T01:08:09.023189
australian,,3,0.5,7,0.8188405797101449,0.8193671224420555,0.8220428926950667,0.8188405797101449,2025-09-29T01:08:09.028926
australian,,3,0.5,8,0.7898550724637681,0.7892139409072961,0.7893303348325837,0.7898550724637681,2025-09-29T01:08:09.034159
australian,,3,0.6,4,0.7971014492753623,0.7977419118723467,0.8067592228691204,0.7971014492753623,2025-09-29T01:08:09.039816
australian,,3,0.6,5,0.7608695652173914,0.7601400017220957,0.7601386806596702,0.7608695652173914,2025-09-29T01:08:09.045203
australian,,3,0.6,6,0.7536231884057971,0.7501357117608443,0.7548970612732849,0.7536231884057971,2025-09-29T01:08:09.050205
australian,,3,0.6,7,0.8188405797101449,0.8193671224420555,0.8220428926950667,0.8188405797101449,2025-09-29T01:08:09.056409
australian,,3,0.6,8,0.7898550724637681,0.7892139409072961,0.7893303348325837,0.7898550724637681,2025-09-29T01:08:09.062183
australian,,3,0.7,4,0.7971014492753623,0.7977419118723467,0.8067592228691204,0.7971014492753623,2025-09-29T01:08:09.067092
australian,,3,0.7,5,0.7608695652173914,0.7601400017220957,0.7601386806596702,0.7608695652173914,2025-09-29T01:08:09.072659
australian,,3,0.7,6,0.7536231884057971,0.7501357117608443,0.7548970612732849,0.7536231884057971,2025-09-29T01:08:09.077946
australian,,3,0.7,7,0.8188405797101449,0.8193671224420555,0.8220428926950667,0.8188405797101449,2025-09-29T01:08:09.083598
australian,,3,0.7,8,0.7898550724637681,0.7892139409072961,0.7893303348325837,0.7898550724637681,2025-09-29T01:08:09.089609
australian,,3,0.8,4,0.7971014492753623,0.7977419118723467,0.8067592228691204,0.7971014492753623,2025-09-29T01:08:09.095393
australian,,3,0.8,5,0.7608695652173914,0.7601400017220957,0.7601386806596702,0.7608695652173914,2025-09-29T01:08:09.100117
australian,,3,0.8,6,0.7536231884057971,0.7501357117608443,0.7548970612732849,0.7536231884057971,2025-09-29T01:08:09.105445
australian,,3,0.8,7,0.8188405797101449,0.8193671224420555,0.8220428926950667,0.8188405797101449,2025-09-29T01:08:09.110536
australian,,3,0.8,8,0.7898550724637681,0.7892139409072961,0.7893303348325837,0.7898550724637681,2025-09-29T01:08:09.116004
australian,,3,0.9,4,0.7971014492753623,0.7977419118723467,0.8067592228691204,0.7971014492753623,2025-09-29T01:08:09.122044
australian,,3,0.9,5,0.7608695652173914,0.7601400017220957,0.7601386806596702,0.7608695652173914,2025-09-29T01:08:09.126909
australian,,3,0.9,6,0.7536231884057971,0.7501357117608443,0.7548970612732849,0.7536231884057971,2025-09-29T01:08:09.132257
australian,,3,0.9,7,0.8188405797101449,0.8193671224420555,0.8220428926950667,0.8188405797101449,2025-09-29T01:08:09.138160
australian,,3,0.9,8,0.7898550724637681,0.7892139409072961,0.7893303348325837,0.7898550724637681,2025-09-29T01:08:09.143765
australian,,3,1.0,4,0.7971014492753623,0.7977419118723467,0.8067592228691204,0.7971014492753623,2025-09-29T01:08:09.148916
australian,,3,1.0,5,0.7608695652173914,0.7601400017220957,0.7601386806596702,0.7608695652173914,2025-09-29T01:08:09.153973
australian,,3,1.0,6,0.7536231884057971,0.7501357117608443,0.7548970612732849,0.7536231884057971,2025-09-29T01:08:09.159533
australian,,3,1.0,7,0.8188405797101449,0.8193671224420555,0.8220428926950667,0.8188405797101449,2025-09-29T01:08:09.165150
australian,,3,1.0,8,0.7898550724637681,0.7892139409072961,0.7893303348325837,0.7898550724637681,2025-09-29T01:08:09.170378
australian,,4,0.0,4,0.7753623188405797,0.7746769713146959,0.7747345077461268,0.7753623188405797,2025-09-29T01:08:09.175145
australian,,4,0.0,5,0.7536231884057971,0.7525660040608316,0.752794492941963,0.7536231884057971,2025-09-29T01:08:09.180303
australian,,4,0.0,6,0.7318840579710145,0.7263311430589162,0.7345008051529791,0.7318840579710145,2025-09-29T01:08:09.185121
australian,,4,0.0,7,0.8188405797101449,0.819442438249314,0.8242540494458652,0.8188405797101449,2025-09-29T01:08:09.190775
australian,,4,0.0,8,0.8260869565217391,0.8265286404416838,0.8283593714207175,0.8260869565217391,2025-09-29T01:08:09.196224
australian,,4,0.1,4,0.7971014492753623,0.7977419118723467,0.8067592228691204,0.7971014492753623,2025-09-29T01:08:09.201171
australian,,4,0.1,5,0.7608695652173914,0.7601400017220957,0.7601386806596702,0.7608695652173914,2025-09-29T01:08:09.207277
australian,,4,0.1,6,0.7536231884057971,0.7501357117608443,0.7548970612732849,0.7536231884057971,2025-09-29T01:08:09.212483
australian,,4,0.1,7,0.8188405797101449,0.8193671224420555,0.8220428926950667,0.8188405797101449,2025-09-29T01:08:09.217685
australian,,4,0.1,8,0.782608695652174,0.781675885936028,0.7820813439933704,0.782608695652174,2025-09-29T01:08:09.223179
australian,,4,0.2,4,0.7971014492753623,0.7977419118723467,0.8067592228691204,0.7971014492753623,2025-09-29T01:08:09.228859
australian,,4,0.2,5,0.7608695652173914,0.7601400017220957,0.7601386806596702,0.7608695652173914,2025-09-29T01:08:09.233801
australian,,4,0.2,6,0.7536231884057971,0.7501357117608443,0.7548970612732849,0.7536231884057971,2025-09-29T01:08:09.239471
australian,,4,0.2,7,0.8188405797101449,0.8193671224420555,0.8220428926950667,0.8188405797101449,2025-09-29T01:08:09.244711
australian,,4,0.2,8,0.782608695652174,0.781675885936028,0.7820813439933704,0.782608695652174,2025-09-29T01:08:09.250026
australian,,4,0.3,4,0.7971014492753623,0.7977419118723467,0.8067592228691204,0.7971014492753623,2025-09-29T01:08:09.255210
australian,,4,0.3,5,0.7608695652173914,0.7601400017220957,0.7601386806596702,0.7608695652173914,2025-09-29T01:08:09.260158
australian,,4,0.3,6,0.7536231884057971,0.7501357117608443,0.7548970612732849,0.7536231884057971,2025-09-29T01:08:09.265302
australian,,4,0.3,7,0.8188405797101449,0.8193671224420555,0.8220428926950667,0.8188405797101449,2025-09-29T01:08:09.271135
australian,,4,0.3,8,0.782608695652174,0.781675885936028,0.7820813439933704,0.782608695652174,2025-09-29T01:08:09.276865
australian,,4,0.4,4,0.7971014492753623,0.7977419118723467,0.8067592228691204,0.7971014492753623,2025-09-29T01:08:09.281704
australian,,4,0.4,5,0.7608695652173914,0.7601400017220957,0.7601386806596702,0.7608695652173914,2025-09-29T01:08:09.287091
australian,,4,0.4,6,0.7536231884057971,0.7501357117608443,0.7548970612732849,0.7536231884057971,2025-09-29T01:08:09.292574
australian,,4,0.4,7,0.8188405797101449,0.8193671224420555,0.8220428926950667,0.8188405797101449,2025-09-29T01:08:09.298140
australian,,4,0.4,8,0.782608695652174,0.781675885936028,0.7820813439933704,0.782608695652174,2025-09-29T01:08:09.303612
australian,,4,0.5,4,0.7971014492753623,0.7977419118723467,0.8067592228691204,0.7971014492753623,2025-09-29T01:08:09.308687
australian,,4,0.5,5,0.7608695652173914,0.7601400017220957,0.7601386806596702,0.7608695652173914,2025-09-29T01:08:09.314171
australian,,4,0.5,6,0.7536231884057971,0.7501357117608443,0.7548970612732849,0.7536231884057971,2025-09-29T01:08:09.319362
australian,,4,0.5,7,0.8188405797101449,0.8193671224420555,0.8220428926950667,0.8188405797101449,2025-09-29T01:08:09.324862
australian,,4,0.5,8,0.782608695652174,0.781675885936028,0.7820813439933704,0.782608695652174,2025-09-29T01:08:09.329850
australian,,4,0.6,4,0.7971014492753623,0.7977419118723467,0.8067592228691204,0.7971014492753623,2025-09-29T01:08:09.335361
australian,,4,0.6,5,0.7608695652173914,0.7601400017220957,0.7601386806596702,0.7608695652173914,2025-09-29T01:08:09.341036
australian,,4,0.6,6,0.7536231884057971,0.7501357117608443,0.7548970612732849,0.7536231884057971,2025-09-29T01:08:09.346034
australian,,4,0.6,7,0.8188405797101449,0.8193671224420555,0.8220428926950667,0.8188405797101449,2025-09-29T01:08:09.351331
australian,,4,0.6,8,0.782608695652174,0.781675885936028,0.7820813439933704,0.782608695652174,2025-09-29T01:08:09.357701
australian,,4,0.7,4,0.7971014492753623,0.7977419118723467,0.8067592228691204,0.7971014492753623,2025-09-29T01:08:09.362838
australian,,4,0.7,5,0.7608695652173914,0.7601400017220957,0.7601386806596702,0.7608695652173914,2025-09-29T01:08:09.367671
australian,,4,0.7,6,0.7536231884057971,0.7501357117608443,0.7548970612732849,0.7536231884057971,2025-09-29T01:08:09.373097
australian,,4,0.7,7,0.8188405797101449,0.8193671224420555,0.8220428926950667,0.8188405797101449,2025-09-29T01:08:09.379476
australian,,4,0.7,8,0.782608695652174,0.781675885936028,0.7820813439933704,0.782608695652174,2025-09-29T01:08:09.384638
australian,,4,0.8,4,0.7971014492753623,0.7977419118723467,0.8067592228691204,0.7971014492753623,2025-09-29T01:08:09.390627
australian,,4,0.8,5,0.7608695652173914,0.7601400017220957,0.7601386806596702,0.7608695652173914,2025-09-29T01:08:09.396087
australian,,4,0.8,6,0.7536231884057971,0.7501357117608443,0.7548970612732849,0.7536231884057971,2025-09-29T01:08:09.401341
australian,,4,0.8,7,0.8188405797101449,0.8193671224420555,0.8220428926950667,0.8188405797101449,2025-09-29T01:08:09.406792
australian,,4,0.8,8,0.782608695652174,0.781675885936028,0.7820813439933704,0.782608695652174,2025-09-29T01:08:09.413060
australian,,4,0.9,4,0.7971014492753623,0.7977419118723467,0.8067592228691204,0.7971014492753623,2025-09-29T01:08:09.418034
australian,,4,0.9,5,0.7608695652173914,0.7601400017220957,0.7601386806596702,0.7608695652173914,2025-09-29T01:08:09.423641
australian,,4,0.9,6,0.7536231884057971,0.7501357117608443,0.7548970612732849,0.7536231884057971,2025-09-29T01:08:09.428840
australian,,4,0.9,7,0.8188405797101449,0.8193671224420555,0.8220428926950667,0.8188405797101449,2025-09-29T01:08:09.434600
australian,,4,0.9,8,0.782608695652174,0.781675885936028,0.7820813439933704,0.782608695652174,2025-09-29T01:08:09.440205
australian,,4,1.0,4,0.7971014492753623,0.7977419118723467,0.8067592228691204,0.7971014492753623,2025-09-29T01:08:09.445464
australian,,4,1.0,5,0.7608695652173914,0.7601400017220957,0.7601386806596702,0.7608695652173914,2025-09-29T01:08:09.450812
australian,,4,1.0,6,0.7536231884057971,0.7501357117608443,0.7548970612732849,0.7536231884057971,2025-09-29T01:08:09.457018
australian,,4,1.0,7,0.8188405797101449,0.8193671224420555,0.8220428926950667,0.8188405797101449,2025-09-29T01:08:09.462205
australian,,4,1.0,8,0.782608695652174,0.781675885936028,0.7820813439933704,0.782608695652174,2025-09-29T01:08:09.466921
australian,,5,0.0,4,0.7753623188405797,0.7746769713146959,0.7747345077461268,0.7753623188405797,2025-09-29T01:08:09.472238
australian,,5,0.0,5,0.7536231884057971,0.7525660040608316,0.752794492941963,0.7536231884057971,2025-09-29T01:08:09.477387
australian,,5,0.0,6,0.7318840579710145,0.7263311430589162,0.7345008051529791,0.7318840579710145,2025-09-29T01:08:09.482942
australian,,5,0.0,7,0.8188405797101449,0.819442438249314,0.8242540494458652,0.8188405797101449,2025-09-29T01:08:09.488590
australian,,5,0.0,8,0.8260869565217391,0.8265286404416838,0.8283593714207175,0.8260869565217391,2025-09-29T01:08:09.493849
australian,,5,0.1,4,0.7753623188405797,0.7746769713146959,0.7747345077461268,0.7753623188405797,2025-09-29T01:08:09.499301
australian,,5,0.1,5,0.7608695652173914,0.7601400017220957,0.7601386806596702,0.7608695652173914,2025-09-29T01:08:09.505199
australian,,5,0.1,6,0.7536231884057971,0.7501357117608443,0.7548970612732849,0.7536231884057971,2025-09-29T01:08:09.510439
australian,,5,0.1,7,0.8188405797101449,0.8193671224420555,0.8220428926950667,0.8188405797101449,2025-09-29T01:08:09.516228
australian,,5,0.1,8,0.782608695652174,0.781675885936028,0.7820813439933704,0.782608695652174,2025-09-29T01:08:09.521726
australian,,5,0.2,4,0.7753623188405797,0.7746769713146959,0.7747345077461268,0.7753623188405797,2025-09-29T01:08:09.526575
australian,,5,0.2,5,0.7608695652173914,0.7601400017220957,0.7601386806596702,0.7608695652173914,2025-09-29T01:08:09.531781
australian,,5,0.2,6,0.7536231884057971,0.7501357117608443,0.7548970612732849,0.7536231884057971,2025-09-29T01:08:09.537044
australian,,5,0.2,7,0.8188405797101449,0.8193671224420555,0.8220428926950667,0.8188405797101449,2025-09-29T01:08:09.543015
australian,,5,0.2,8,0.782608695652174,0.781675885936028,0.7820813439933704,0.782608695652174,2025-09-29T01:08:09.548331
australian,,5,0.3,4,0.7753623188405797,0.7746769713146959,0.7747345077461268,0.7753623188405797,2025-09-29T01:08:09.553385
australian,,5,0.3,5,0.7608695652173914,0.7601400017220957,0.7601386806596702,0.7608695652173914,2025-09-29T01:08:09.558385
australian,,5,0.3,6,0.7536231884057971,0.7501357117608443,0.7548970612732849,0.7536231884057971,2025-09-29T01:08:09.563734
australian,,5,0.3,7,0.8188405797101449,0.8193671224420555,0.8220428926950667,0.8188405797101449,2025-09-29T01:08:09.569216
australian,,5,0.3,8,0.782608695652174,0.781675885936028,0.7820813439933704,0.782608695652174,2025-09-29T01:08:09.574420
australian,,5,0.4,4,0.7753623188405797,0.7746769713146959,0.7747345077461268,0.7753623188405797,2025-09-29T01:08:09.580062
australian,,5,0.4,5,0.7608695652173914,0.7601400017220957,0.7601386806596702,0.7608695652173914,2025-09-29T01:08:09.584915
australian,,5,0.4,6,0.7536231884057971,0.7501357117608443,0.7548970612732849,0.7536231884057971,2025-09-29T01:08:09.590512
australian,,5,0.4,7,0.8188405797101449,0.8193671224420555,0.8220428926950667,0.8188405797101449,2025-09-29T01:08:09.596116
australian,,5,0.4,8,0.782608695652174,0.781675885936028,0.7820813439933704,0.782608695652174,2025-09-29T01:08:09.601956
australian,,5,0.5,4,0.7753623188405797,0.7746769713146959,0.7747345077461268,0.7753623188405797,2025-09-29T01:08:09.607309
australian,,5,0.5,5,0.7608695652173914,0.7601400017220957,0.7601386806596702,0.7608695652173914,2025-09-29T01:08:09.612393
australian,,5,0.5,6,0.7536231884057971,0.7501357117608443,0.7548970612732849,0.7536231884057971,2025-09-29T01:08:09.617213
australian,,5,0.5,7,0.8188405797101449,0.8193671224420555,0.8220428926950667,0.8188405797101449,2025-09-29T01:08:09.622847
australian,,5,0.5,8,0.782608695652174,0.781675885936028,0.7820813439933704,0.782608695652174,2025-09-29T01:08:09.628345
australian,,5,0.6,4,0.7753623188405797,0.7746769713146959,0.7747345077461268,0.7753623188405797,2025-09-29T01:08:09.633554
australian,,5,0.6,5,0.7608695652173914,0.7601400017220957,0.7601386806596702,0.7608695652173914,2025-09-29T01:08:09.639960
australian,,5,0.6,6,0.7536231884057971,0.7501357117608443,0.7548970612732849,0.7536231884057971,2025-09-29T01:08:09.645359
australian,,5,0.6,7,0.8188405797101449,0.8193671224420555,0.8220428926950667,0.8188405797101449,2025-09-29T01:08:09.650423
australian,,5,0.6,8,0.782608695652174,0.781675885936028,0.7820813439933704,0.782608695652174,2025-09-29T01:08:09.656170
australian,,5,0.7,4,0.7753623188405797,0.7746769713146959,0.7747345077461268,0.7753623188405797,2025-09-29T01:08:09.661776
australian,,5,0.7,5,0.7608695652173914,0.7601400017220957,0.7601386806596702,0.7608695652173914,2025-09-29T01:08:09.666512
australian,,5,0.7,6,0.7536231884057971,0.7501357117608443,0.7548970612732849,0.7536231884057971,2025-09-29T01:08:09.672230
australian,,5,0.7,7,0.8188405797101449,0.8193671224420555,0.8220428926950667,0.8188405797101449,2025-09-29T01:08:09.677496
australian,,5,0.7,8,0.782608695652174,0.781675885936028,0.7820813439933704,0.782608695652174,2025-09-29T01:08:09.683253
australian,,5,0.8,4,0.7753623188405797,0.7746769713146959,0.7747345077461268,0.7753623188405797,2025-09-29T01:08:09.688469
australian,,5,0.8,5,0.7608695652173914,0.7601400017220957,0.7601386806596702,0.7608695652173914,2025-09-29T01:08:09.693547
australian,,5,0.8,6,0.7536231884057971,0.7501357117608443,0.7548970612732849,0.7536231884057971,2025-09-29T01:08:09.698767
australian,,5,0.8,7,0.8188405797101449,0.8193671224420555,0.8220428926950667,0.8188405797101449,2025-09-29T01:08:09.705193
australian,,5,0.8,8,0.782608695652174,0.781675885936028,0.7820813439933704,0.782608695652174,2025-09-29T01:08:09.710353
australian,,5,0.9,4,0.7753623188405797,0.7746769713146959,0.7747345077461268,0.7753623188405797,2025-09-29T01:08:09.715145
australian,,5,0.9,5,0.7608695652173914,0.7601400017220957,0.7601386806596702,0.7608695652173914,2025-09-29T01:08:09.720268
australian,,5,0.9,6,0.7536231884057971,0.7501357117608443,0.7548970612732849,0.7536231884057971,2025-09-29T01:08:09.726168
australian,,5,0.9,7,0.8188405797101449,0.8193671224420555,0.8220428926950667,0.8188405797101449,2025-09-29T01:08:09.731544
australian,,5,0.9,8,0.782608695652174,0.781675885936028,0.7820813439933704,0.782608695652174,2025-09-29T01:08:09.736866
australian,,5,1.0,4,0.7753623188405797,0.7746769713146959,0.7747345077461268,0.7753623188405797,2025-09-29T01:08:09.741645
australian,,5,1.0,5,0.7608695652173914,0.7601400017220957,0.7601386806596702,0.7608695652173914,2025-09-29T01:08:09.747489
australian,,5,1.0,6,0.7536231884057971,0.7501357117608443,0.7548970612732849,0.7536231884057971,2025-09-29T01:08:09.752538
australian,,5,1.0,7,0.8188405797101449,0.8193671224420555,0.8220428926950667,0.8188405797101449,2025-09-29T01:08:09.758320
australian,,5,1.0,8,0.782608695652174,0.781675885936028,0.7820813439933704,0.782608695652174,2025-09-29T01:08:09.763650
